56_2_0,14_3_0
56_2_1,14_3_1
56_2_2,14_3_2
76_3_9,14_3_0
76_3_14,14_3_2
76_3_15,14_3_1
26_1_788,14_3_1
26_1_917,14_3_2
26_1_11491,14_3_0
29_1_1689,14_3_3
29_1_1881,14_3_4
29_1_19663,14_3_5
53_2_0,14_3_0
53_2_1,14_3_1
53_2_2,14_3_2
76_3_0,14_3_33
76_3_0,14_3_36
76_3_0,14_3_39
76_3_0,14_3_44
76_3_0,14_3_45
76_3_0,14_3_47
76_3_0,14_3_52
76_3_0,14_3_53
76_3_0,14_3_75
76_3_0,14_3_80
76_3_0,14_3_83
76_3_0,14_3_89
76_3_0,14_3_91
76_3_0,14_3_92
76_3_0,14_3_95
76_3_0,14_3_96
76_3_0,14_3_106
76_3_0,14_3_112
76_3_0,14_3_117
76_3_0,14_3_118
76_3_0,14_3_120
76_3_0,14_3_121
76_3_0,14_3_130
76_3_0,14_3_132
76_3_0,14_3_134
76_3_0,14_3_135
76_3_0,14_3_140
76_3_0,14_3_141
76_3_0,14_3_143
76_3_0,14_3_144
76_3_0,14_3_145
76_3_0,14_3_147
76_3_0,14_3_148
76_3_0,14_3_152
76_3_0,14_3_157
76_3_0,14_3_158
76_3_0,14_3_159
76_3_0,14_3_160
76_3_0,14_3_161
76_3_0,14_3_162
76_3_0,14_3_163
76_3_0,14_3_164
76_3_0,14_3_165
76_3_0,14_3_167
76_3_0,14_3_168
76_3_0,14_3_169
76_3_0,14_3_170
76_3_0,14_3_171
76_3_0,14_3_173
76_3_0,14_3_174
76_3_0,14_3_175
76_3_0,14_3_177
76_3_0,14_3_179
76_3_0,14_3_180
76_3_0,14_3_181
76_3_0,14_3_182
76_3_0,14_3_183
76_3_0,14_3_188
76_3_0,14_3_189
76_3_0,14_3_193
76_3_0,14_3_194
76_3_0,14_3_195
76_3_0,14_3_197
76_3_0,14_3_198
76_3_0,14_3_199
76_3_0,14_3_200
76_3_0,14_3_201
76_3_0,14_3_203
76_3_0,14_3_204
76_3_0,14_3_206
76_3_0,14_3_207
76_3_0,14_3_208
76_3_0,14_3_210
76_3_0,14_3_211
76_3_0,14_3_212
76_3_0,14_3_213
76_3_0,14_3_214
76_3_0,14_3_216
76_3_0,14_3_217
76_3_0,14_3_218
76_3_0,14_3_223
76_3_0,14_3_224
76_3_0,14_3_228
76_3_0,14_3_230
76_3_0,14_3_231
76_3_0,14_3_233
76_3_0,14_3_234
76_3_0,14_3_235
76_3_0,14_3_237
76_3_0,14_3_238
76_3_0,14_3_239
76_3_0,14_3_240
76_3_0,14_3_245
76_3_0,14_3_246
76_3_0,14_3_250
76_3_0,14_3_252
76_3_0,14_3_253
76_3_0,14_3_254
76_3_0,14_3_255
76_3_0,14_3_257
76_3_0,14_3_258
76_3_0,14_3_259
76_3_0,14_3_273
76_3_0,14_3_274
76_3_0,14_3_276
76_3_0,14_3_277
76_3_0,14_3_279
76_3_0,14_3_280
76_3_0,14_3_283
76_3_0,14_3_284
76_3_0,14_3_285
76_3_0,14_3_288
76_3_0,14_3_289
76_3_0,14_3_290
76_3_0,14_3_291
76_3_0,14_3_293
76_3_0,14_3_295
76_3_0,14_3_296
76_3_0,14_3_297
76_3_0,14_3_298
76_3_0,14_3_300
76_3_0,14_3_302
76_3_0,14_3_303
76_3_0,14_3_304
76_3_0,14_3_307
76_3_0,14_3_308
76_3_0,14_3_319
76_3_0,14_3_320
76_3_0,14_3_324
76_3_0,14_3_325
76_3_0,14_3_326
76_3_0,14_3_327
76_3_0,14_3_328
76_3_0,14_3_329
76_3_0,14_3_330
76_3_0,14_3_331
76_3_0,14_3_332
76_3_0,14_3_333
76_3_0,14_3_334
76_3_0,14_3_335
76_3_0,14_3_336
76_3_0,14_3_337
76_3_0,14_3_338
76_3_0,14_3_340
76_3_0,14_3_341
76_3_0,14_3_342
76_3_0,14_3_344
76_3_0,14_3_345
76_3_0,14_3_347
76_3_0,14_3_348
76_3_0,14_3_362
76_3_0,14_3_364
76_3_0,14_3_365
76_3_0,14_3_366
76_3_0,14_3_368
76_3_0,14_3_369
76_3_0,14_3_371
76_3_0,14_3_372
76_3_0,14_3_381
76_3_0,14_3_382
76_3_1,14_3_33
76_3_1,14_3_36
76_3_1,14_3_39
76_3_1,14_3_47
76_3_1,14_3_52
76_3_1,14_3_53
76_3_1,14_3_80
76_3_1,14_3_89
76_3_1,14_3_95
76_3_1,14_3_96
76_3_1,14_3_106
76_3_1,14_3_112
76_3_1,14_3_120
76_3_1,14_3_121
76_3_1,14_3_130
76_3_1,14_3_145
76_3_1,14_3_147
76_3_1,14_3_148
76_3_1,14_3_152
76_3_1,14_3_157
76_3_1,14_3_158
76_3_1,14_3_159
76_3_1,14_3_160
76_3_1,14_3_168
76_3_1,14_3_181
76_3_1,14_3_182
76_3_1,14_3_193
76_3_1,14_3_194
76_3_1,14_3_199
76_3_1,14_3_200
76_3_1,14_3_208
76_3_1,14_3_210
76_3_1,14_3_211
76_3_1,14_3_212
76_3_1,14_3_213
76_3_1,14_3_240
76_3_1,14_3_245
76_3_1,14_3_246
76_3_1,14_3_250
76_3_1,14_3_252
76_3_1,14_3_253
76_3_1,14_3_254
76_3_1,14_3_255
76_3_1,14_3_259
76_3_1,14_3_336
76_3_1,14_3_337
76_3_1,14_3_381
76_3_1,14_3_382
76_3_2,14_3_39
76_3_2,14_3_52
76_3_2,14_3_89
76_3_2,14_3_95
76_3_2,14_3_112
76_3_2,14_3_117
76_3_2,14_3_118
76_3_2,14_3_120
76_3_2,14_3_121
76_3_2,14_3_130
76_3_2,14_3_140
76_3_2,14_3_141
76_3_2,14_3_152
76_3_2,14_3_157
76_3_2,14_3_158
76_3_2,14_3_160
76_3_2,14_3_162
76_3_2,14_3_164
76_3_2,14_3_167
76_3_2,14_3_170
76_3_2,14_3_173
76_3_2,14_3_179
76_3_2,14_3_180
76_3_2,14_3_181
76_3_2,14_3_182
76_3_2,14_3_188
76_3_2,14_3_189
76_3_2,14_3_193
76_3_2,14_3_194
76_3_2,14_3_195
76_3_2,14_3_197
76_3_2,14_3_198
76_3_2,14_3_199
76_3_2,14_3_200
76_3_2,14_3_201
76_3_2,14_3_203
76_3_2,14_3_204
76_3_2,14_3_206
76_3_2,14_3_207
76_3_2,14_3_208
76_3_2,14_3_210
76_3_2,14_3_211
76_3_2,14_3_212
76_3_2,14_3_213
76_3_2,14_3_216
76_3_2,14_3_223
76_3_2,14_3_224
76_3_2,14_3_228
76_3_2,14_3_230
76_3_2,14_3_231
76_3_2,14_3_233
76_3_2,14_3_234
76_3_2,14_3_237
76_3_2,14_3_238
76_3_2,14_3_239
76_3_2,14_3_245
76_3_2,14_3_246
76_3_2,14_3_250
76_3_2,14_3_252
76_3_2,14_3_253
76_3_2,14_3_254
76_3_2,14_3_257
76_3_2,14_3_258
76_3_2,14_3_259
76_3_2,14_3_273
76_3_2,14_3_274
76_3_2,14_3_276
76_3_2,14_3_277
76_3_2,14_3_279
76_3_2,14_3_280
76_3_2,14_3_283
76_3_2,14_3_284
76_3_2,14_3_285
76_3_2,14_3_288
76_3_2,14_3_289
76_3_2,14_3_290
76_3_2,14_3_304
76_3_2,14_3_308
76_3_2,14_3_326
76_3_2,14_3_327
76_3_2,14_3_328
76_3_2,14_3_329
76_3_2,14_3_330
76_3_2,14_3_331
76_3_2,14_3_332
76_3_2,14_3_333
76_3_2,14_3_334
76_3_2,14_3_335
76_3_2,14_3_336
76_3_2,14_3_337
76_3_2,14_3_340
76_3_2,14_3_344
76_3_2,14_3_345
76_3_2,14_3_347
76_3_2,14_3_348
76_3_2,14_3_381
76_3_2,14_3_382
76_3_3,14_3_6
76_3_4,14_3_11
76_3_4,14_3_25
76_3_4,14_3_48
76_3_5,14_3_8
76_3_5,14_3_25
76_3_5,14_3_48
76_3_6,14_3_32
76_3_6,14_3_35
76_3_6,14_3_38
76_3_6,14_3_43
76_3_6,14_3_46
76_3_6,14_3_51
76_3_6,14_3_88
76_3_6,14_3_90
76_3_6,14_3_94
76_3_6,14_3_111
76_3_6,14_3_116
76_3_6,14_3_119
76_3_6,14_3_133
76_3_6,14_3_139
76_3_6,14_3_142
76_3_6,14_3_146
76_3_6,14_3_151
76_3_6,14_3_156
76_3_6,14_3_178
76_3_6,14_3_187
76_3_6,14_3_196
76_3_6,14_3_202
76_3_6,14_3_205
76_3_6,14_3_209
76_3_6,14_3_222
76_3_6,14_3_229
76_3_6,14_3_232
76_3_6,14_3_236
76_3_6,14_3_251
76_3_6,14_3_256
76_3_6,14_3_318
76_3_6,14_3_323
76_3_6,14_3_339
76_3_6,14_3_343
76_3_6,14_3_346
76_3_6,14_3_363
76_3_6,14_3_367
76_3_6,14_3_370
76_3_7,14_3_12
76_3_7,14_3_19
76_3_7,14_3_31
76_3_7,14_3_32
76_3_7,14_3_35
76_3_7,14_3_37
76_3_7,14_3_38
76_3_7,14_3_46
76_3_7,14_3_49
76_3_7,14_3_50
76_3_7,14_3_51
76_3_7,14_3_77
76_3_7,14_3_79
76_3_7,14_3_88
76_3_7,14_3_93
76_3_7,14_3_94
76_3_7,14_3_111
76_3_7,14_3_119
76_3_7,14_3_146
76_3_7,14_3_150
76_3_7,14_3_151
76_3_7,14_3_156
76_3_7,14_3_209
76_3_7,14_3_251
76_3_8,14_3_26
76_3_8,14_3_37
76_3_8,14_3_38
76_3_8,14_3_49
76_3_8,14_3_50
76_3_8,14_3_51
76_3_8,14_3_77
76_3_8,14_3_79
76_3_8,14_3_88
76_3_8,14_3_93
76_3_8,14_3_94
76_3_8,14_3_111
76_3_8,14_3_116
76_3_8,14_3_119
76_3_8,14_3_139
76_3_8,14_3_150
76_3_8,14_3_151
76_3_8,14_3_156
76_3_8,14_3_178
76_3_8,14_3_187
76_3_8,14_3_196
76_3_8,14_3_202
76_3_8,14_3_205
76_3_8,14_3_209
76_3_8,14_3_222
76_3_8,14_3_229
76_3_8,14_3_232
76_3_8,14_3_236
76_3_8,14_3_251
76_3_8,14_3_256
76_3_8,14_3_339
76_3_8,14_3_343
76_3_8,14_3_346
76_3_10,14_3_10
76_3_10,14_3_13
76_3_10,14_3_18
76_3_10,14_3_27
76_3_10,14_3_34
76_3_10,14_3_41
76_3_10,14_3_42
76_3_10,14_3_74
76_3_10,14_3_76
76_3_10,14_3_82
76_3_10,14_3_131
76_3_11,14_3_18
76_3_11,14_3_34
76_3_11,14_3_41
76_3_11,14_3_42
76_3_11,14_3_74
76_3_11,14_3_76
76_3_11,14_3_82
76_3_11,14_3_131
76_3_12,14_3_9
76_3_12,14_3_17
76_3_12,14_3_40
76_3_13,14_3_7
76_3_13,14_3_17
76_3_13,14_3_40
78_2_0,14_3_3
78_2_1,14_3_4
78_2_2,14_3_5
7_2_4057,14_3_1
7_2_4160,14_3_2
7_2_11866,14_3_0
18_3_1689,14_3_3
18_3_1689,14_3_6
18_3_1881,14_3_4
18_3_1881,14_3_7
18_3_1881,14_3_9
18_3_1881,14_3_17
18_3_1881,14_3_40
18_3_19663,14_3_5
18_3_19663,14_3_8
18_3_19663,14_3_11
18_3_19663,14_3_25
18_3_19663,14_3_48
42_3_633,14_3_10
42_3_633,14_3_13
42_3_633,14_3_18
42_3_633,14_3_27
42_3_633,14_3_34
42_3_633,14_3_41
42_3_633,14_3_42
42_3_633,14_3_74
42_3_633,14_3_76
42_3_633,14_3_82
42_3_633,14_3_131
42_3_8436,14_3_12
42_3_8436,14_3_19
42_3_8436,14_3_26
42_3_8436,14_3_31
42_3_8436,14_3_32
42_3_8436,14_3_35
42_3_8436,14_3_37
42_3_8436,14_3_38
42_3_8436,14_3_43
42_3_8436,14_3_46
42_3_8436,14_3_49
42_3_8436,14_3_50
42_3_8436,14_3_51
42_3_8436,14_3_77
42_3_8436,14_3_79
42_3_8436,14_3_88
42_3_8436,14_3_90
42_3_8436,14_3_93
42_3_8436,14_3_94
42_3_8436,14_3_111
42_3_8436,14_3_116
42_3_8436,14_3_119
42_3_8436,14_3_133
42_3_8436,14_3_139
42_3_8436,14_3_142
42_3_8436,14_3_146
42_3_8436,14_3_150
42_3_8436,14_3_151
42_3_8436,14_3_156
42_3_8436,14_3_178
42_3_8436,14_3_187
42_3_8436,14_3_196
42_3_8436,14_3_202
42_3_8436,14_3_205
42_3_8436,14_3_209
42_3_8436,14_3_222
42_3_8436,14_3_229
42_3_8436,14_3_232
42_3_8436,14_3_236
42_3_8436,14_3_251
42_3_8436,14_3_256
42_3_8436,14_3_318
42_3_8436,14_3_323
42_3_8436,14_3_339
42_3_8436,14_3_343
42_3_8436,14_3_346
42_3_8436,14_3_363
42_3_8436,14_3_367
42_3_8436,14_3_370
42_3_41467,14_3_33
42_3_41467,14_3_36
42_3_41467,14_3_39
42_3_41467,14_3_44
42_3_41467,14_3_45
42_3_41467,14_3_47
42_3_41467,14_3_52
42_3_41467,14_3_53
42_3_41467,14_3_75
42_3_41467,14_3_80
42_3_41467,14_3_83
42_3_41467,14_3_89
42_3_41467,14_3_91
42_3_41467,14_3_92
42_3_41467,14_3_95
42_3_41467,14_3_96
42_3_41467,14_3_106
42_3_41467,14_3_112
42_3_41467,14_3_117
42_3_41467,14_3_118
42_3_41467,14_3_120
42_3_41467,14_3_121
42_3_41467,14_3_130
42_3_41467,14_3_132
42_3_41467,14_3_134
42_3_41467,14_3_135
42_3_41467,14_3_140
42_3_41467,14_3_141
42_3_41467,14_3_143
42_3_41467,14_3_144
42_3_41467,14_3_145
42_3_41467,14_3_147
42_3_41467,14_3_148
42_3_41467,14_3_152
42_3_41467,14_3_157
42_3_41467,14_3_158
42_3_41467,14_3_159
42_3_41467,14_3_160
42_3_41467,14_3_161
42_3_41467,14_3_162
42_3_41467,14_3_163
42_3_41467,14_3_164
42_3_41467,14_3_165
42_3_41467,14_3_167
42_3_41467,14_3_168
42_3_41467,14_3_169
42_3_41467,14_3_170
42_3_41467,14_3_171
42_3_41467,14_3_173
42_3_41467,14_3_174
42_3_41467,14_3_175
42_3_41467,14_3_177
42_3_41467,14_3_179
42_3_41467,14_3_180
42_3_41467,14_3_181
42_3_41467,14_3_182
42_3_41467,14_3_183
42_3_41467,14_3_188
42_3_41467,14_3_189
42_3_41467,14_3_193
42_3_41467,14_3_194
42_3_41467,14_3_195
42_3_41467,14_3_197
42_3_41467,14_3_198
42_3_41467,14_3_199
42_3_41467,14_3_200
42_3_41467,14_3_201
42_3_41467,14_3_203
42_3_41467,14_3_204
42_3_41467,14_3_206
42_3_41467,14_3_207
42_3_41467,14_3_208
42_3_41467,14_3_210
42_3_41467,14_3_211
42_3_41467,14_3_212
42_3_41467,14_3_213
42_3_41467,14_3_214
42_3_41467,14_3_216
42_3_41467,14_3_217
42_3_41467,14_3_218
42_3_41467,14_3_223
42_3_41467,14_3_224
42_3_41467,14_3_228
42_3_41467,14_3_230
42_3_41467,14_3_231
42_3_41467,14_3_233
42_3_41467,14_3_234
42_3_41467,14_3_235
42_3_41467,14_3_237
42_3_41467,14_3_238
42_3_41467,14_3_239
42_3_41467,14_3_240
42_3_41467,14_3_245
42_3_41467,14_3_246
42_3_41467,14_3_250
42_3_41467,14_3_252
42_3_41467,14_3_253
42_3_41467,14_3_254
42_3_41467,14_3_255
42_3_41467,14_3_257
42_3_41467,14_3_258
42_3_41467,14_3_259
42_3_41467,14_3_273
42_3_41467,14_3_274
42_3_41467,14_3_276
42_3_41467,14_3_277
42_3_41467,14_3_279
42_3_41467,14_3_280
42_3_41467,14_3_283
42_3_41467,14_3_284
42_3_41467,14_3_285
42_3_41467,14_3_288
42_3_41467,14_3_289
42_3_41467,14_3_290
42_3_41467,14_3_291
42_3_41467,14_3_293
42_3_41467,14_3_295
42_3_41467,14_3_296
42_3_41467,14_3_297
42_3_41467,14_3_298
42_3_41467,14_3_300
42_3_41467,14_3_302
42_3_41467,14_3_303
42_3_41467,14_3_304
42_3_41467,14_3_307
42_3_41467,14_3_308
42_3_41467,14_3_319
42_3_41467,14_3_320
42_3_41467,14_3_324
42_3_41467,14_3_325
42_3_41467,14_3_326
42_3_41467,14_3_327
42_3_41467,14_3_328
42_3_41467,14_3_329
42_3_41467,14_3_330
42_3_41467,14_3_331
42_3_41467,14_3_332
42_3_41467,14_3_333
42_3_41467,14_3_334
42_3_41467,14_3_335
42_3_41467,14_3_336
42_3_41467,14_3_337
42_3_41467,14_3_338
42_3_41467,14_3_340
42_3_41467,14_3_341
42_3_41467,14_3_342
42_3_41467,14_3_344
42_3_41467,14_3_345
42_3_41467,14_3_347
42_3_41467,14_3_348
42_3_41467,14_3_362
42_3_41467,14_3_364
42_3_41467,14_3_365
42_3_41467,14_3_366
42_3_41467,14_3_368
42_3_41467,14_3_369
42_3_41467,14_3_371
42_3_41467,14_3_372
42_3_41467,14_3_381
42_3_41467,14_3_382
66_2_411,14_3_1
66_2_514,14_3_2
66_2_8220,14_3_0
76_3_0,14_3_311
76_3_0,14_3_316
76_3_0,14_3_317
76_3_0,14_3_321
76_3_0,14_3_353
76_3_0,14_3_354
76_3_0,14_3_355
76_3_0,14_3_356
76_3_0,14_3_357
76_3_0,14_3_358
76_3_0,14_3_359
76_3_0,14_3_360
76_3_0,14_3_361
76_3_0,14_3_377
76_3_0,14_3_378
76_3_0,14_3_379
76_3_0,14_3_380
76_3_2,14_3_293
76_3_2,14_3_300
76_3_2,14_3_302
76_3_2,14_3_303
76_3_2,14_3_307
76_3_2,14_3_341
42_3_41467,14_3_311
42_3_41467,14_3_316
42_3_41467,14_3_317
42_3_41467,14_3_321
42_3_41467,14_3_353
42_3_41467,14_3_354
42_3_41467,14_3_355
42_3_41467,14_3_356
42_3_41467,14_3_357
42_3_41467,14_3_358
42_3_41467,14_3_359
42_3_41467,14_3_360
42_3_41467,14_3_361
42_3_41467,14_3_377
42_3_41467,14_3_378
42_3_41467,14_3_379
42_3_41467,14_3_380
76_3_0,14_3_309
76_3_0,14_3_313
76_3_0,14_3_314
76_3_2,14_3_291
76_3_2,14_3_295
76_3_2,14_3_296
76_3_2,14_3_297
76_3_2,14_3_298
76_3_2,14_3_319
76_3_2,14_3_320
76_3_2,14_3_324
76_3_2,14_3_325
76_3_2,14_3_338
76_3_2,14_3_342
76_3_2,14_3_362
76_3_2,14_3_364
76_3_2,14_3_365
76_3_2,14_3_366
76_3_2,14_3_368
76_3_2,14_3_369
76_3_2,14_3_371
76_3_2,14_3_372
76_3_8,14_3_318
76_3_8,14_3_323
76_3_8,14_3_363
76_3_8,14_3_367
76_3_8,14_3_370
42_3_41467,14_3_309
42_3_41467,14_3_313
42_3_41467,14_3_314
76_3_2,14_3_311
76_3_2,14_3_316
76_3_2,14_3_317
76_3_2,14_3_321
76_3_2,14_3_353
76_3_2,14_3_354
76_3_2,14_3_355
76_3_2,14_3_356
76_3_2,14_3_357
76_3_2,14_3_358
76_3_2,14_3_359
76_3_2,14_3_360
76_3_2,14_3_361
76_3_2,14_3_377
76_3_2,14_3_378
76_3_2,14_3_379
76_3_2,14_3_380
76_3_2,14_3_309
76_3_2,14_3_313
76_3_2,14_3_314
76_3_0,14_3_383
76_3_0,14_3_384
76_3_0,14_3_385
76_3_0,14_3_386
76_3_0,14_3_387
76_3_0,14_3_388
76_3_0,14_3_389
76_3_0,14_3_390
42_3_41467,14_3_383
42_3_41467,14_3_384
42_3_41467,14_3_385
42_3_41467,14_3_386
42_3_41467,14_3_387
42_3_41467,14_3_388
42_3_41467,14_3_389
42_3_41467,14_3_390
76_3_0,14_3_391
76_3_0,14_3_392
76_3_0,14_3_393
76_3_0,14_3_394
76_3_0,14_3_395
76_3_0,14_3_396
76_3_0,14_3_397
76_3_0,14_3_398
76_3_0,14_3_399
76_3_0,14_3_400
76_3_0,14_3_401
76_3_0,14_3_402
76_3_0,14_3_403
76_3_0,14_3_404
76_3_0,14_3_405
76_3_0,14_3_406
76_3_0,14_3_407
76_3_0,14_3_408
76_3_0,14_3_409
76_3_0,14_3_410
76_3_0,14_3_411
76_3_0,14_3_412
76_3_0,14_3_413
76_3_0,14_3_414
76_3_2,14_3_383
76_3_2,14_3_384
76_3_2,14_3_385
76_3_2,14_3_386
76_3_2,14_3_387
76_3_2,14_3_388
76_3_2,14_3_389
76_3_2,14_3_390
42_3_41467,14_3_391
42_3_41467,14_3_392
42_3_41467,14_3_393
42_3_41467,14_3_394
42_3_41467,14_3_395
42_3_41467,14_3_396
42_3_41467,14_3_397
42_3_41467,14_3_398
42_3_41467,14_3_399
42_3_41467,14_3_400
42_3_41467,14_3_401
42_3_41467,14_3_402
42_3_41467,14_3_403
42_3_41467,14_3_404
42_3_41467,14_3_405
42_3_41467,14_3_406
42_3_41467,14_3_407
42_3_41467,14_3_408
42_3_41467,14_3_409
42_3_41467,14_3_410
42_3_41467,14_3_411
42_3_41467,14_3_412
42_3_41467,14_3_413
42_3_41467,14_3_414
76_3_2,14_3_391
76_3_2,14_3_392
76_3_2,14_3_393
76_3_2,14_3_394
76_3_2,14_3_395
76_3_2,14_3_396
76_3_2,14_3_397
76_3_2,14_3_398
76_3_2,14_3_399
76_3_2,14_3_400
76_3_2,14_3_401
76_3_2,14_3_402
76_3_2,14_3_403
76_3_2,14_3_404
76_3_2,14_3_405
76_3_2,14_3_406
76_3_2,14_3_407
76_3_2,14_3_408
76_3_2,14_3_409
76_3_2,14_3_410
76_3_2,14_3_411
76_3_2,14_3_412
76_3_2,14_3_413
76_3_2,14_3_414
