9_1_0,23_1_0,23_1_1
9_1_1,23_1_1,23_1_3
9_1_2,23_1_151,23_1_152
9_1_3,23_1_206,23_1_209
9_1_4,23_1_143,23_1_210
9_1_5,23_1_143,23_1_212
9_1_6,23_1_215,23_1_129
9_1_7,23_1_216,23_1_217
9_1_8,23_1_143,23_1_218
9_1_9,23_1_206,23_1_219
9_1_10,23_1_219,23_1_220
9_1_11,23_1_219,23_1_221
9_1_12,23_1_219,23_1_222
9_1_13,23_1_227,23_1_206
9_1_14,23_1_206,23_1_217
9_1_15,23_1_208,23_1_206
9_1_16,23_1_206,23_1_228
9_1_17,23_1_229,23_1_230
9_1_18,23_1_219,23_1_234
9_1_19,23_1_240,23_1_241
9_1_20,23_1_250,23_1_251
9_1_21,23_1_255,23_1_256
9_1_22,23_1_261,23_1_262
9_1_23,23_1_270,23_1_262
9_1_24,23_1_331,23_1_332
9_1_25,23_1_354,23_1_355
9_1_26,23_1_424,23_1_425
9_1_27,23_1_143,23_1_429
9_1_28,23_1_442,23_1_443
9_1_29,23_1_143,23_1_448
9_1_30,23_1_449,23_1_328
9_1_31,23_1_442,23_1_328
9_1_32,23_1_497,23_1_498
9_1_33,23_1_519,23_1_520
9_1_34,23_1_532,23_1_425
9_1_35,23_1_547,23_1_548
9_1_36,23_1_547,23_1_549
9_1_37,23_1_547,23_1_550
9_1_38,23_1_607,23_1_608
9_1_39,23_1_640,23_1_641
9_1_40,23_1_664,23_1_665
9_1_41,23_1_204,23_1_669
9_1_42,23_1_672,23_1_673
9_1_43,23_1_687,23_1_688
9_1_44,23_1_699,23_1_425
9_1_45,23_1_672,23_1_687
9_1_46,23_1_672,23_1_689
9_1_47,23_1_143,23_1_688
9_1_48,23_1_672,23_1_680
9_1_49,23_1_672,23_1_206
9_1_50,23_1_32,23_1_772
9_1_51,23_1_799,23_1_800
9_1_52,23_1_741,23_1_805
9_1_53,23_1_673,23_1_688
9_1_54,23_1_672,23_1_143
9_1_55,23_1_206,23_1_688
9_1_56,23_1_32,23_1_820
9_1_57,23_1_143,23_1_923
9_1_58,23_1_958,23_1_425
9_1_59,23_1_992,23_1_425
9_1_60,23_1_1058,23_1_425
9_1_61,23_1_1082,23_1_425
9_1_62,23_1_741,23_1_1116
9_1_63,23_1_143,23_1_548
9_1_64,23_1_1123,23_1_425
9_1_65,23_1_853,23_1_854
9_1_66,23_1_1135,23_1_425
9_1_67,23_1_644,23_1_612
9_1_68,23_1_741,23_1_820
9_1_69,23_1_1161,23_1_425
9_1_70,23_1_1074,23_1_1164
9_1_71,23_1_1179,23_1_425
9_1_72,23_1_680,23_1_440
9_1_73,23_1_820,23_1_337
9_1_74,23_1_1243,23_1_425
9_1_75,23_1_32,23_1_805
9_1_76,23_1_337,23_1_1290
9_1_77,23_1_32,23_1_1291
9_1_78,23_1_1293,23_1_1290
9_1_79,23_1_32,23_1_1294
9_1_80,23_1_884,23_1_772
9_1_81,23_1_32,23_1_846
9_1_82,23_1_32,23_1_1383
9_1_83,23_1_32,23_1_1385
9_1_84,23_1_32,23_1_1201
9_1_85,23_1_32,23_1_1401
9_1_86,23_1_32,23_1_1116
9_1_87,23_1_32,23_1_1407
9_1_88,23_1_1410,23_1_1290
9_1_89,23_1_32,23_1_1415
9_1_90,23_1_32,23_1_1418
9_1_91,23_1_32,23_1_1425
9_1_92,23_1_32,23_1_1427
9_1_93,23_1_32,23_1_1428
9_1_94,23_1_32,23_1_1429
9_1_95,23_1_32,23_1_1439
9_1_96,23_1_1441,23_1_1443
9_1_97,23_1_843,23_1_1448
9_1_98,23_1_1478,23_1_1479
9_1_99,23_1_1493,23_1_1494
9_1_100,23_1_1496,23_1_1497
9_1_101,23_1_1523,23_1_1524
9_1_102,23_1_1524,23_1_1525
9_1_103,23_1_1583,23_1_1584
9_1_104,23_1_1586,23_1_1587
9_1_105,23_1_1590,23_1_1591
9_1_106,23_1_143,23_1_1597
9_1_107,23_1_229,23_1_1605
9_1_108,23_1_1606,23_1_1607
9_1_109,23_1_1610,23_1_1611
9_1_110,23_1_1612,23_1_1613
9_1_111,23_1_1636,23_1_1637
9_1_112,23_1_1674,23_1_143
9_1_113,23_1_1689,23_1_1690
9_1_114,23_1_1732,23_1_1733
9_1_115,23_1_1755,23_1_1756
9_1_116,23_1_1583,23_1_1599
9_1_117,23_1_1803,23_1_143
9_1_118,23_1_1,23_1_1821
9_1_119,23_1_1937,23_1_1938
9_1_120,23_1_1453,23_1_1939
9_1_121,23_1_2279,23_1_2280
9_1_122,23_1_934,23_1_2286
9_1_123,23_1_1493,23_1_2313
9_1_124,23_1_1493,23_1_2314
9_1_125,23_1_1493,23_1_2315
9_1_126,23_1_1493,23_1_2316
9_1_127,23_1_1493,23_1_2317
9_1_128,23_1_1493,23_1_2318
9_1_129,23_1_1493,23_1_2321
9_1_130,23_1_1493,23_1_2322
9_1_131,23_1_1493,23_1_2332
9_1_132,23_1_1493,23_1_2333
9_1_133,23_1_1433,23_1_241
9_1_134,23_1_2401,23_1_2402
9_1_135,23_1_2403,23_1_2402
9_1_136,23_1_2404,23_1_2402
9_1_137,23_1_2405,23_1_2402
9_1_138,23_1_2432,23_1_2433
9_1_139,23_1_2449,23_1_2450
9_1_140,23_1_2455,23_1_2456
9_1_141,23_1_2475,23_1_2476
9_1_142,23_1_1201,23_1_2527
9_1_143,23_1_2535,23_1_2536
9_1_144,23_1_1425,23_1_2527
9_1_145,23_1_2568,23_1_2569
9_1_146,23_1_927,23_1_2588
9_1_147,23_1_2590,23_1_2598
9_1_148,23_1_2694,23_1_2695
9_1_149,23_1_2381,23_1_143
9_1_150,23_1_2535,23_1_2701
9_1_151,23_1_2714,23_1_2715
9_1_152,23_1_2714,23_1_2716
9_1_153,23_1_2730,23_1_2731
9_1_154,23_1_2749,23_1_2750
9_1_155,23_1_2755,23_1_2756
9_1_156,23_1_2794,23_1_2795
9_1_157,23_1_132,23_1_2847
9_1_158,23_1_2847,23_1_1627
9_1_159,23_1_2847,23_1_2848
9_1_160,23_1_2847,23_1_1630
9_1_161,23_1_2888,23_1_299
9_1_162,23_1_2890,23_1_2891
9_1_163,23_1_2892,23_1_2893
9_1_164,23_1_2896,23_1_2897
9_1_165,23_1_1703,23_1_2900
9_1_166,23_1_1703,23_1_2908
9_1_167,23_1_2886,23_1_2909
9_1_168,23_1_2922,23_1_2923
9_1_169,23_1_2929,23_1_143
9_1_170,23_1_2940,23_1_2941
9_1_171,23_1_2957,23_1_2925
9_1_172,23_1_2977,23_1_2731
9_1_173,23_1_2978,23_1_2731
9_1_174,23_1_2983,23_1_1523
9_1_175,23_1_3002,23_1_3003
9_1_176,23_1_3004,23_1_2756
9_1_177,23_1_1488,23_1_3018
9_1_178,23_1_3026,23_1_317
9_1_179,23_1_3037,23_1_3038
9_1_180,23_1_3043,23_1_206
9_1_181,23_1_3106,23_1_3104
9_1_182,23_1_3107,23_1_143
9_1_183,23_1_3114,23_1_143
9_1_184,23_1_3112,23_1_3117
9_1_185,23_1_3112,23_1_3118
9_1_186,23_1_3146,23_1_129
9_1_187,23_1_3150,23_1_2433
9_1_188,23_1_3252,23_1_3253
9_1_189,23_1_3263,23_1_3264
9_1_190,23_1_3303,23_1_3304
9_1_191,23_1_369,23_1_3323
9_1_192,23_1_369,23_1_3324
9_1_193,23_1_3333,23_1_649
9_1_194,23_1_3335,23_1_649
9_1_195,23_1_3336,23_1_649
9_1_196,23_1_3337,23_1_649
9_1_197,23_1_3338,23_1_649
9_1_198,23_1_3339,23_1_649
9_1_199,23_1_3340,23_1_3341
9_1_200,23_1_3342,23_1_649
9_1_201,23_1_3343,23_1_649
9_1_202,23_1_3345,23_1_3346
9_1_203,23_1_3347,23_1_649
9_1_204,23_1_3348,23_1_649
9_1_205,23_1_3349,23_1_649
9_1_206,23_1_3368,23_1_2756
9_1_207,23_1_2844,23_1_2846
9_1_208,23_1_206,23_1_442
9_1_209,23_1_3566,23_1_332
9_1_210,23_1_213,23_1_3572
9_1_211,23_1_213,23_1_3573
9_1_212,23_1_423,23_1_448
9_1_213,23_1_219,23_1_3600
9_1_214,23_1_3622,23_1_3623
9_1_215,23_1_3671,23_1_2953
9_1_216,23_1_3677,23_1_3678
9_1_217,23_1_3699,23_1_3700
9_1_218,23_1_711,23_1_448
9_1_219,23_1_3755,23_1_3756
9_1_220,23_1_687,23_1_449
9_1_221,23_1_3817,23_1_3368
9_1_222,23_1_135,23_1_3820
9_1_223,23_1_3852,23_1_3853
9_1_224,23_1_143,23_1_1448
9_1_225,23_1_1627,23_1_198
9_1_226,23_1_1630,23_1_198
9_1_227,23_1_2535,23_1_3900
9_1_228,23_1_1626,23_1_198
9_1_229,23_1_3903,23_1_1442
9_1_230,23_1_3905,23_1_3906
9_1_231,23_1_3948,23_1_3949
9_1_232,23_1_3958,23_1_3959
9_1_233,23_1_143,23_1_3963
9_1_234,23_1_1627,23_1_3974
9_1_235,23_1_3974,23_1_1630
9_1_236,23_1_3989,23_1_3990
9_1_237,23_1_4002,23_1_4000
9_1_238,23_1_4004,23_1_4005
9_1_239,23_1_1662,23_1_4005
9_1_240,23_1_4004,23_1_4007
9_1_241,23_1_1662,23_1_4007
9_1_242,23_1_206,23_1_4093
9_1_243,23_1_143,23_1_2926
9_1_244,23_1_3677,23_1_4110
9_1_245,23_1_3677,23_1_4115
9_1_246,23_1_3677,23_1_4116
9_1_247,23_1_3677,23_1_4117
9_1_248,23_1_3677,23_1_4120
9_1_249,23_1_3677,23_1_4124
9_1_250,23_1_3677,23_1_4049
9_1_251,23_1_3677,23_1_4050
9_1_252,23_1_3677,23_1_4051
9_1_253,23_1_3677,23_1_4052
9_1_254,23_1_3677,23_1_4140
9_1_255,23_1_3677,23_1_4144
9_1_256,23_1_1627,23_1_1433
9_1_257,23_1_3677,23_1_4148
9_1_258,23_1_3677,23_1_4149
9_1_259,23_1_3677,23_1_4187
9_1_260,23_1_3677,23_1_4195
9_1_261,23_1_3677,23_1_4196
9_1_262,23_1_3677,23_1_4197
9_1_263,23_1_3677,23_1_4198
9_1_264,23_1_3677,23_1_4199
9_1_265,23_1_3677,23_1_4201
9_1_266,23_1_206,23_1_129
9_1_267,23_1_843,23_1_4203
9_1_268,23_1_143,23_1_3859
9_1_269,23_1_4223,23_1_4224
9_1_270,23_1_2568,23_1_4227
9_1_271,23_1_1074,23_1_4229
9_1_272,23_1_1074,23_1_4231
9_1_273,23_1_1074,23_1_4233
9_1_274,23_1_1074,23_1_4235
9_1_275,23_1_1074,23_1_4237
9_1_276,23_1_820,23_1_4229
9_1_277,23_1_820,23_1_4231
9_1_278,23_1_820,23_1_4233
9_1_279,23_1_820,23_1_4235
9_1_280,23_1_820,23_1_4237
9_1_281,23_1_4228,23_1_4251
9_1_282,23_1_32,23_1_4252
9_1_283,23_1_4271,23_1_273
9_1_284,23_1_4287,23_1_4288
9_1_285,23_1_219,23_1_4290
9_1_286,23_1_143,23_1_4291
9_1_287,23_1_219,23_1_3264
9_1_288,23_1_219,23_1_4293
9_1_289,23_1_219,23_1_129
9_1_290,23_1_4333,23_1_206
9_1_291,23_1_206,23_1_4334
9_1_292,23_1_4360,23_1_206
9_1_293,23_1_4365,23_1_2402
9_1_294,23_1_143,23_1_3589
9_1_295,23_1_4371,23_1_4372
9_1_296,23_1_4371,23_1_4376
9_1_297,23_1_4371,23_1_4377
9_1_298,23_1_4371,23_1_4380
9_1_299,23_1_4394,23_1_4395
9_1_300,23_1_4432,23_1_2988
9_1_301,23_1_3699,23_1_4434
9_1_302,23_1_206,23_1_4435
9_1_303,23_1_4446,23_1_4447
9_1_304,23_1_4464,23_1_4465
9_1_305,23_1_4482,23_1_425
9_1_306,23_1_4512,23_1_4513
9_1_307,23_1_4522,23_1_4520
9_1_308,23_1_4523,23_1_4520
9_1_309,23_1_4525,23_1_4526
9_1_310,23_1_4549,23_1_4550
9_1_311,23_1_3497,23_1_4552
9_1_312,23_1_4558,23_1_4556
9_1_313,23_1_687,23_1_1136
9_1_314,23_1_3340,23_1_4613
9_1_315,23_1_4618,23_1_4619
9_1_316,23_1_4482,23_1_4621
9_1_317,23_1_4627,23_1_206
9_1_318,23_1_4628,23_1_4629
9_1_319,23_1_4630,23_1_4629
9_1_320,23_1_4631,23_1_4632
9_1_321,23_1_4633,23_1_4629
9_1_322,23_1_4634,23_1_4632
9_1_323,23_1_4635,23_1_4636
9_1_324,23_1_4637,23_1_4629
9_1_325,23_1_4638,23_1_4629
9_1_326,23_1_4639,23_1_4636
9_1_327,23_1_4690,23_1_4691
9_1_328,23_1_4692,23_1_4198
9_1_329,23_1_206,23_1_449
9_1_330,23_1_4846,23_1_1442
9_1_331,23_1_4874,23_1_2508
9_1_332,23_1_4874,23_1_4875
9_1_333,23_1_4953,23_1_4954
9_1_334,23_1_4980,23_1_4981
9_1_335,23_1_4983,23_1_4984
9_1_336,23_1_4992,23_1_462
9_1_337,23_1_5006,23_1_5007
9_1_338,23_1_5038,23_1_223
9_1_339,23_1_5038,23_1_129
9_1_340,23_1_5057,23_1_5058
9_1_341,23_1_206,23_1_5089
9_1_342,23_1_5091,23_1_5092
9_1_343,23_1_5141,23_1_2934
9_1_344,23_1_2568,23_1_5145
9_1_345,23_1_5217,23_1_5092
9_1_346,23_1_5224,23_1_5225
9_1_347,23_1_1599,23_1_5263
9_1_348,23_1_1599,23_1_5264
9_1_349,23_1_1599,23_1_5265
9_1_350,23_1_1203,23_1_5290
9_1_351,23_1_5311,23_1_2433
9_1_352,23_1_246,23_1_332
9_1_353,23_1_1086,23_1_854
9_1_354,23_1_911,23_1_206
9_1_355,23_1_4043,23_1_129
9_1_356,23_1_5343,23_1_2756
9_1_357,23_1_731,23_1_649
9_1_358,23_1_5399,23_1_5400
9_1_359,23_1_5449,23_1_5450
9_1_360,23_1_3030,23_1_5465
9_1_361,23_1_3030,23_1_5467
9_1_362,23_1_5477,23_1_5478
9_1_363,23_1_5487,23_1_230
9_1_364,23_1_5521,23_1_5522
9_1_365,23_1_4897,23_1_143
9_1_366,23_1_1194,23_1_143
9_1_367,23_1_5537,23_1_129
9_1_368,23_1_5216,23_1_5560
9_1_369,23_1_143,23_1_5562
9_1_370,23_1_143,23_1_5563
9_1_371,23_1_5638,23_1_2588
9_1_372,23_1_525,23_1_1584
9_1_373,23_1_2929,23_1_462
9_1_374,23_1_3340,23_1_5696
9_1_375,23_1_5708,23_1_1442
9_1_376,23_1_143,23_1_5712
9_1_377,23_1_143,23_1_3634
9_1_378,23_1_1253,23_1_2598
9_1_379,23_1_337,23_1_5738
9_1_380,23_1_337,23_1_5740
9_1_381,23_1_337,23_1_1519
9_1_382,23_1_5741,23_1_1517
9_1_383,23_1_5796,23_1_5797
9_1_384,23_1_5796,23_1_5798
9_1_385,23_1_5801,23_1_1599
9_1_386,23_1_3345,23_1_5814
9_1_387,23_1_5815,23_1_4224
9_1_388,23_1_5832,23_1_1650
9_1_389,23_1_1647,23_1_235
9_1_390,23_1_449,23_1_1083
9_1_391,23_1_449,23_1_5846
9_1_392,23_1_143,23_1_449
9_1_393,23_1_206,23_1_3224
9_1_394,23_1_2390,23_1_5859
9_1_395,23_1_442,23_1_1083
9_1_396,23_1_442,23_1_5884
9_1_397,23_1_143,23_1_442
9_1_398,23_1_2568,23_1_5894
9_1_399,23_1_5908,23_1_2756
9_1_400,23_1_5945,23_1_143
9_1_401,23_1_5966,23_1_5967
9_1_402,23_1_5974,23_1_5975
9_1_403,23_1_4203,23_1_1136
9_1_404,23_1_213,23_1_5992
9_1_405,23_1_5996,23_1_2695
9_1_406,23_1_5997,23_1_2695
9_1_407,23_1_668,23_1_6008
9_1_408,23_1_6005,23_1_6009
9_1_409,23_1_1201,23_1_1541
9_1_410,23_1_1201,23_1_6021
9_1_411,23_1_1201,23_1_1642
9_1_412,23_1_1201,23_1_2550
9_1_413,23_1_1201,23_1_2625
9_1_414,23_1_931,23_1_1116
9_1_415,23_1_1488,23_1_6038
9_1_416,23_1_1201,23_1_6046
9_1_417,23_1_6051,23_1_1429
9_1_418,23_1_1201,23_1_6070
9_1_419,23_1_3816,23_1_6071
9_1_420,23_1_143,23_1_6072
9_1_421,23_1_2502,23_1_143
9_1_422,23_1_6084,23_1_4962
9_1_423,23_1_6085,23_1_5818
9_1_424,23_1_6086,23_1_6087
9_1_425,23_1_6104,23_1_6105
9_1_426,23_1_6106,23_1_4998
9_1_427,23_1_6107,23_1_722
9_1_428,23_1_6108,23_1_6105
9_1_429,23_1_6128,23_1_143
9_1_430,23_1_6132,23_1_6133
9_1_431,23_1_6146,23_1_6147
9_1_432,23_1_2535,23_1_4363
9_1_433,23_1_6228,23_1_4691
9_1_434,23_1_6240,23_1_6241
9_1_435,23_1_130,23_1_2847
9_1_436,23_1_6280,23_1_6087
9_1_437,23_1_6287,23_1_6288
9_1_438,23_1_6293,23_1_2847
9_1_439,23_1_5957,23_1_3584
9_1_440,23_1_1323,23_1_3118
9_1_441,23_1_6319,23_1_6320
9_1_442,23_1_2578,23_1_4198
9_1_443,23_1_6340,23_1_31
9_1_444,23_1_2648,23_1_3117
9_1_445,23_1_2568,23_1_6367
9_1_446,23_1_3150,23_1_2944
9_1_447,23_1_2532,23_1_5316
9_1_448,23_1_6400,23_1_6401
9_1_449,23_1_6409,23_1_6410
9_1_450,23_1_6415,23_1_2756
9_1_451,23_1_1703,23_1_6427
9_1_452,23_1_6009,23_1_2588
9_1_453,23_1_6440,23_1_2627
9_1_454,23_1_6441,23_1_3118
9_1_455,23_1_6442,23_1_6105
9_1_456,23_1_2795,23_1_6546
9_1_457,23_1_6616,23_1_2988
9_1_458,23_1_6616,23_1_5971
9_1_459,23_1_820,23_1_6046
9_1_460,23_1_6621,23_1_6622
9_1_461,23_1_6626,23_1_1372
9_1_462,23_1_820,23_1_1125
9_1_463,23_1_820,23_1_5639
9_1_464,23_1_820,23_1_926
9_1_465,23_1_820,23_1_2897
9_1_466,23_1_6644,23_1_6645
9_1_467,23_1_820,23_1_6649
9_1_468,23_1_820,23_1_5644
9_1_469,23_1_820,23_1_6659
9_1_470,23_1_32,23_1_884
9_1_471,23_1_884,23_1_820
9_1_472,23_1_884,23_1_805
9_1_473,23_1_741,23_1_772
9_1_474,23_1_884,23_1_1201
9_1_475,23_1_884,23_1_6700
9_1_476,23_1_884,23_1_1200
9_1_477,23_1_6708,23_1_884
9_1_478,23_1_741,23_1_884
9_1_479,23_1_884,23_1_1425
9_1_480,23_1_213,23_1_6725
9_1_481,23_1_6726,23_1_6727
9_1_482,23_1_5214,23_1_6781
9_1_483,23_1_6785,23_1_665
9_1_484,23_1_6807,23_1_2588
9_1_485,23_1_2535,23_1_6826
9_1_486,23_1_6858,23_1_6859
9_1_487,23_1_5705,23_1_498
9_1_488,23_1_5380,23_1_6902
9_1_489,23_1_6913,23_1_2756
9_1_490,23_1_6914,23_1_2756
9_1_491,23_1_1293,23_1_5738
9_1_492,23_1_1293,23_1_5740
9_1_493,23_1_1293,23_1_1519
9_1_494,23_1_820,23_1_1293
9_1_495,23_1_1293,23_1_1516
9_1_496,23_1_1293,23_1_1521
9_1_497,23_1_1074,23_1_1293
9_1_498,23_1_1293,23_1_6941
9_1_499,23_1_462,23_1_6986
9_1_500,23_1_6989,23_1_143
9_1_501,23_1_7025,23_1_2846
9_1_502,23_1_1624,23_1_7026
9_1_503,23_1_1625,23_1_7026
9_1_504,23_1_1627,23_1_7026
9_1_505,23_1_7026,23_1_3480
9_1_506,23_1_7026,23_1_3496
9_1_507,23_1_7026,23_1_7027
9_1_508,23_1_7026,23_1_3535
9_1_509,23_1_7026,23_1_1630
9_1_510,23_1_1598,23_1_3587
9_1_511,23_1_7034,23_1_7035
9_1_512,23_1_4885,23_1_143
9_1_513,23_1_3369,23_1_7128
9_1_514,23_1_6440,23_1_7135
9_1_515,23_1_1504,23_1_7128
9_1_516,23_1_1650,23_1_7128
9_1_517,23_1_1074,23_1_6046
9_1_518,23_1_7198,23_1_1377
9_1_519,23_1_1074,23_1_1125
9_1_520,23_1_1074,23_1_5639
9_1_521,23_1_1074,23_1_926
9_1_522,23_1_1074,23_1_2897
9_1_523,23_1_1074,23_1_7212
9_1_524,23_1_1074,23_1_6649
9_1_525,23_1_1074,23_1_5644
9_1_526,23_1_7242,23_1_7243
9_1_527,23_1_7244,23_1_7245
9_1_528,23_1_7272,23_1_7273
9_1_529,23_1_7296,23_1_7292
9_1_530,23_1_7305,23_1_7306
9_1_531,23_1_7307,23_1_7308
9_1_532,23_1_1488,23_1_7312
9_1_533,23_1_7317,23_1_7318
9_1_534,23_1_143,23_1_7320
9_1_535,23_1_1198,23_1_1442
9_1_536,23_1_1410,23_1_5738
9_1_537,23_1_1410,23_1_5740
9_1_538,23_1_1410,23_1_1519
9_1_539,23_1_5214,23_1_7351
9_1_540,23_1_1410,23_1_1521
9_1_541,23_1_7412,23_1_4197
9_1_542,23_1_7408,23_1_4198
9_1_543,23_1_7429,23_1_7430
9_1_544,23_1_143,23_1_7445
9_1_545,23_1_7460,23_1_793
9_1_546,23_1_7463,23_1_206
9_1_547,23_1_7483,23_1_7484
9_1_548,23_1_7497,23_1_2588
9_1_549,23_1_1212,23_1_2588
9_1_550,23_1_7537,23_1_7538
9_1_551,23_1_7543,23_1_7243
9_1_552,23_1_7544,23_1_7545
9_1_553,23_1_7553,23_1_2598
9_1_554,23_1_6078,23_1_523
9_1_555,23_1_7580,23_1_7581
9_1_556,23_1_6659,23_1_7587
9_1_557,23_1_6440,23_1_7642
9_1_558,23_1_2390,23_1_2598
9_1_559,23_1_143,23_1_7681
9_1_560,23_1_7682,23_1_7538
9_1_561,23_1_1627,23_1_7679
9_1_562,23_1_7679,23_1_1630
9_1_563,23_1_7660,23_1_7690
9_1_564,23_1_466,23_1_534
9_1_565,23_1_7701,23_1_7702
9_1_566,23_1_143,23_1_7697
9_1_567,23_1_7719,23_1_7720
9_1_568,23_1_206,23_1_7723
9_1_569,23_1_206,23_1_7725
9_1_570,23_1_206,23_1_7726
9_1_571,23_1_206,23_1_7727
9_1_572,23_1_206,23_1_7728
9_1_573,23_1_206,23_1_7729
9_1_574,23_1_206,23_1_7730
9_1_575,23_1_206,23_1_7731
9_1_576,23_1_206,23_1_7732
9_1_577,23_1_206,23_1_7733
9_1_578,23_1_206,23_1_7734
9_1_579,23_1_206,23_1_7735
9_1_580,23_1_206,23_1_7736
9_1_581,23_1_206,23_1_7737
9_1_582,23_1_206,23_1_7337
9_1_583,23_1_206,23_1_7738
9_1_584,23_1_206,23_1_7739
9_1_585,23_1_206,23_1_7740
9_1_586,23_1_206,23_1_7741
9_1_587,23_1_206,23_1_7742
9_1_588,23_1_5390,23_1_206
9_1_589,23_1_7785,23_1_1222
9_1_590,23_1_143,23_1_7801
9_1_591,23_1_4723,23_1_7803
9_1_592,23_1_5521,23_1_7832
9_1_593,23_1_4631,23_1_5092
9_1_594,23_1_7838,23_1_5937
9_1_595,23_1_7841,23_1_143
9_1_596,23_1_7842,23_1_7843
9_1_597,23_1_7892,23_1_7340
9_1_598,23_1_6132,23_1_405
9_1_599,23_1_7903,23_1_5730
9_1_600,23_1_2535,23_1_7906
9_1_601,23_1_4360,23_1_2598
9_1_602,23_1_7980,23_1_7981
9_1_603,23_1_7980,23_1_6147
9_1_604,23_1_206,23_1_8035
9_1_605,23_1_32,23_1_8051
9_1_606,23_1_395,23_1_642
9_1_607,23_1_5365,23_1_8088
9_1_608,23_1_5365,23_1_8089
9_1_609,23_1_5365,23_1_8090
9_1_610,23_1_5365,23_1_8091
9_1_611,23_1_5365,23_1_8092
9_1_612,23_1_143,23_1_762
9_1_613,23_1_8115,23_1_8116
9_1_614,23_1_8115,23_1_8117
9_1_615,23_1_8118,23_1_8119
9_1_616,23_1_8120,23_1_8121
9_1_617,23_1_8120,23_1_4513
9_1_618,23_1_8126,23_1_8127
9_1_619,23_1_644,23_1_8138
9_1_620,23_1_644,23_1_8147
9_1_621,23_1_4952,23_1_8174
9_1_622,23_1_143,23_1_7723
9_1_623,23_1_8189,23_1_7181
9_1_624,23_1_8201,23_1_7538
9_1_625,23_1_8253,23_1_1209
9_1_626,23_1_8238,23_1_152
9_1_627,23_1_8292,23_1_827
9_1_628,23_1_3817,23_1_8301
9_1_629,23_1_8302,23_1_598
9_1_630,23_1_1527,23_1_332
9_1_631,23_1_8305,23_1_6645
9_1_632,23_1_5399,23_1_8339
9_1_633,23_1_8359,23_1_665
9_1_634,23_1_254,23_1_8361
9_1_635,23_1_8396,23_1_8397
9_1_636,23_1_8431,23_1_8432
9_1_637,23_1_2535,23_1_8447
9_1_638,23_1_143,23_1_5884
9_1_639,23_1_741,23_1_4252
9_1_640,23_1_4987,23_1_8502
9_1_641,23_1_1504,23_1_8529
9_1_642,23_1_8531,23_1_8532
9_1_643,23_1_931,23_1_805
9_1_644,23_1_741,23_1_1291
9_1_645,23_1_741,23_1_1294
9_1_646,23_1_741,23_1_846
9_1_647,23_1_741,23_1_1383
9_1_648,23_1_741,23_1_1385
9_1_649,23_1_741,23_1_1201
9_1_650,23_1_741,23_1_1401
9_1_651,23_1_741,23_1_1407
9_1_652,23_1_741,23_1_1415
9_1_653,23_1_741,23_1_8676
9_1_654,23_1_741,23_1_1418
9_1_655,23_1_741,23_1_1425
9_1_656,23_1_741,23_1_1427
9_1_657,23_1_741,23_1_1428
9_1_658,23_1_741,23_1_1429
9_1_659,23_1_741,23_1_1439
9_1_660,23_1_8718,23_1_3918
9_1_661,23_1_2568,23_1_8719
9_1_662,23_1_8733,23_1_1126
9_1_663,23_1_7297,23_1_8748
9_1_664,23_1_5139,23_1_8756
9_1_665,23_1_534,23_1_8763
9_1_666,23_1_143,23_1_8763
9_1_667,23_1_2535,23_1_8782
9_1_668,23_1_8786,23_1_8787
9_1_669,23_1_8795,23_1_2461
9_1_670,23_1_1493,23_1_8811
9_1_671,23_1_1493,23_1_4115
9_1_672,23_1_1493,23_1_4116
9_1_673,23_1_1493,23_1_4117
9_1_674,23_1_1493,23_1_4120
9_1_675,23_1_1493,23_1_4124
9_1_676,23_1_1493,23_1_4049
9_1_677,23_1_1493,23_1_4050
9_1_678,23_1_1493,23_1_4051
9_1_679,23_1_1493,23_1_4052
9_1_680,23_1_1493,23_1_4140
9_1_681,23_1_1493,23_1_4144
9_1_682,23_1_1493,23_1_4148
9_1_683,23_1_1493,23_1_4149
9_1_684,23_1_1493,23_1_4187
9_1_685,23_1_1493,23_1_4195
9_1_686,23_1_1493,23_1_4196
9_1_687,23_1_1493,23_1_4197
9_1_688,23_1_1493,23_1_4198
9_1_689,23_1_1493,23_1_6838
9_1_690,23_1_1493,23_1_4201
9_1_691,23_1_6079,23_1_8937
9_1_692,23_1_8524,23_1_665
9_1_693,23_1_8524,23_1_8942
9_1_694,23_1_8943,23_1_8944
9_1_695,23_1_8959,23_1_143
9_1_696,23_1_8431,23_1_2278
9_1_697,23_1_9036,23_1_9037
9_1_698,23_1_2476,23_1_9054
9_1_699,23_1_503,23_1_273
9_1_700,23_1_9089,23_1_9090
9_1_701,23_1_9091,23_1_9092
9_1_702,23_1_9091,23_1_9093
9_1_703,23_1_9098,23_1_9099
9_1_704,23_1_143,23_1_4612
9_1_705,23_1_143,23_1_9137
9_1_706,23_1_9144,23_1_9145
9_1_707,23_1_9150,23_1_129
9_1_708,23_1_4386,23_1_9154
9_1_709,23_1_3617,23_1_9196
9_1_710,23_1_9198,23_1_1443
9_1_711,23_1_3592,23_1_1487
9_1_712,23_1_9222,23_1_9223
9_1_713,23_1_1502,23_1_9224
9_1_714,23_1_7434,23_1_9224
9_1_715,23_1_8948,23_1_9224
9_1_716,23_1_9225,23_1_9224
9_1_717,23_1_3592,23_1_5690
9_1_718,23_1_1492,23_1_3592
9_1_719,23_1_3592,23_1_7435
9_1_720,23_1_3592,23_1_8936
9_1_721,23_1_3592,23_1_9230
9_1_722,23_1_32,23_1_931
9_1_723,23_1_931,23_1_820
9_1_724,23_1_931,23_1_772
9_1_725,23_1_931,23_1_1201
9_1_726,23_1_931,23_1_6700
9_1_727,23_1_931,23_1_1200
9_1_728,23_1_6708,23_1_931
9_1_729,23_1_741,23_1_931
9_1_730,23_1_931,23_1_1425
9_1_731,23_1_9317,23_1_9318
9_1_732,23_1_547,23_1_5397
9_1_733,23_1_8940,23_1_9348
9_1_734,23_1_8940,23_1_9349
9_1_735,23_1_8940,23_1_7907
9_1_736,23_1_9375,23_1_9376
9_1_737,23_1_9379,23_1_9380
9_1_738,23_1_9436,23_1_9437
9_1_739,23_1_9450,23_1_9451
9_1_740,23_1_534,23_1_688
9_1_741,23_1_2535,23_1_9526
9_1_742,23_1_884,23_1_1116
9_1_743,23_1_668,23_1_9535
9_1_744,23_1_9541,23_1_9542
9_1_745,23_1_9543,23_1_9544
9_1_746,23_1_9563,23_1_9564
9_1_747,23_1_3323,23_1_9575
9_1_748,23_1_9603,23_1_9604
9_1_749,23_1_9619,23_1_223
9_1_750,23_1_1261,23_1_448
9_1_751,23_1_206,23_1_235
9_1_752,23_1_4637,23_1_5092
9_1_753,23_1_9639,23_1_9640
9_1_754,23_1_9665,23_1_129
9_1_755,23_1_227,23_1_5848
9_1_756,23_1_4228,23_1_9686
9_1_757,23_1_644,23_1_9689
9_1_758,23_1_7472,23_1_9686
9_1_759,23_1_644,23_1_9716
9_1_760,23_1_9801,23_1_4224
9_1_761,23_1_2568,23_1_9803
9_1_762,23_1_810,23_1_448
9_1_763,23_1_9811,23_1_2588
9_1_764,23_1_2526,23_1_2527
9_1_765,23_1_9937,23_1_9938
9_1_766,23_1_9974,23_1_129
9_1_767,23_1_10013,23_1_3671
9_1_768,23_1_257,23_1_9403
9_1_769,23_1_1630,23_1_257
9_1_770,23_1_1622,23_1_257
9_1_771,23_1_1627,23_1_257
9_1_772,23_1_1425,23_1_1541
9_1_773,23_1_1425,23_1_6021
9_1_774,23_1_1425,23_1_1642
9_1_775,23_1_1425,23_1_2550
9_1_776,23_1_1488,23_1_10115
9_1_777,23_1_1425,23_1_6046
9_1_778,23_1_1425,23_1_6070
9_1_779,23_1_1425,23_1_8578
9_1_780,23_1_10139,23_1_827
9_1_781,23_1_10143,23_1_4962
9_1_782,23_1_10144,23_1_5818
9_1_783,23_1_10145,23_1_6087
9_1_784,23_1_10146,23_1_10147
9_1_785,23_1_10152,23_1_6105
9_1_786,23_1_10164,23_1_4998
9_1_787,23_1_10165,23_1_722
9_1_788,23_1_10166,23_1_6105
9_1_789,23_1_2463,23_1_8596
9_1_790,23_1_10200,23_1_8596
9_1_791,23_1_5093,23_1_1504
9_1_792,23_1_10202,23_1_8596
9_1_793,23_1_10203,23_1_8596
9_1_794,23_1_10208,23_1_8596
9_1_795,23_1_10204,23_1_10209
9_1_796,23_1_3818,23_1_2756
9_1_797,23_1_7660,23_1_10251
9_1_798,23_1_10256,23_1_1584
9_1_799,23_1_1703,23_1_10262
9_1_800,23_1_4509,23_1_10276
9_1_801,23_1_10280,23_1_10281
9_1_802,23_1_10298,23_1_3054
9_1_803,23_1_10326,23_1_10327
9_1_804,23_1_10329,23_1_10330
9_1_805,23_1_3345,23_1_10342
9_1_806,23_1_10368,23_1_2588
9_1_807,23_1_10378,23_1_10379
9_1_808,23_1_3677,23_1_6918
9_1_809,23_1_10451,23_1_10452
9_1_810,23_1_2648,23_1_10498
9_1_811,23_1_10502,23_1_7245
9_1_812,23_1_10503,23_1_2756
9_1_813,23_1_4635,23_1_5092
9_1_814,23_1_10516,23_1_10517
9_1_815,23_1_10574,23_1_1599
9_1_816,23_1_3774,23_1_2731
9_1_817,23_1_10647,23_1_5345
9_1_818,23_1_10648,23_1_2756
9_1_819,23_1_8751,23_1_10650
9_1_820,23_1_1460,23_1_10688
9_1_821,23_1_10700,23_1_10701
9_1_822,23_1_9163,23_1_553
9_1_823,23_1_10750,23_1_129
9_1_824,23_1_10758,23_1_10759
9_1_825,23_1_4634,23_1_5092
9_1_826,23_1_10790,23_1_10791
9_1_827,23_1_4368,23_1_2846
9_1_828,23_1_9091,23_1_10802
9_1_829,23_1_337,23_1_1516
9_1_830,23_1_337,23_1_1521
9_1_831,23_1_1074,23_1_337
9_1_832,23_1_337,23_1_6941
9_1_833,23_1_843,23_1_10911
9_1_834,23_1_10976,23_1_2944
9_1_835,23_1_10990,23_1_7538
9_1_836,23_1_3586,23_1_143
9_1_837,23_1_11015,23_1_1591
9_1_838,23_1_5801,23_1_1584
9_1_839,23_1_11020,23_1_11021
9_1_840,23_1_7472,23_1_4251
9_1_841,23_1_143,23_1_11027
9_1_842,23_1_2535,23_1_11092
9_1_843,23_1_668,23_1_11096
9_1_844,23_1_4512,23_1_8121
9_1_845,23_1_11103,23_1_8116
9_1_846,23_1_11103,23_1_8117
9_1_847,23_1_5744,23_1_8119
9_1_848,23_1_11113,23_1_11114
9_1_849,23_1_3039,23_1_2581
9_1_850,23_1_11229,23_1_4636
9_1_851,BloodGroupAAntigenOrBloodGroupBAntigen,23_1_2
9_1_852,BloodGroupAAntigen,23_1_2
9_1_853,AnatomicalSurfaceQuadrant,23_1_14
9_1_854,Topology,23_1_15
9_1_855,VascularDilatationLesion,23_1_30
9_1_856,Route,23_1_31
9_1_857,PainSymptomCharacter,23_1_33
9_1_858,AbstractCavity,23_1_34
9_1_859,AbdominalPain,23_1_128
9_1_860,AbdominalColic,23_1_129
9_1_861,SolidStructure,23_1_130
9_1_862,IntestinalMuscleSpasm,23_1_131
9_1_863,AbdominalCramp,23_1_129
9_1_864,Dermatome,23_1_132
9_1_865,PathologicalPhenomenon,23_1_133
9_1_866,ExaminingProcess,23_1_134
9_1_867,Fistula,23_1_135
9_1_868,HerniaLesion,23_1_136
9_1_869,Lymphnode,23_1_130
9_1_870,Muscle,23_1_139
9_1_871,Displacement,23_1_140
9_1_872,AbdominalPain,23_1_129
9_1_873,PartOfPeritoneum,23_1_130
9_1_874,Conceptus,23_1_142
9_1_875,ReflexMuscleContractionProcess,23_1_144
9_1_876,Sign,23_1_134
9_1_877,SkinCovering,23_1_145
9_1_878,BodyStructure,23_1_14
9_1_879,SwellingSymptom,23_1_153
9_1_880,Symptom,23_1_134
9_1_881,BodyWall,23_1_154
9_1_882,PosteriorIntercostalArtery,23_1_168
9_1_883,PosteriorIntercostalArtery,23_1_169
9_1_884,PosteriorIntercostalVein,23_1_168
9_1_885,PosteriorIntercostalVein,23_1_169
9_1_886,MovingRotating,23_1_170
9_1_887,ExaminingProcess,23_1_171
9_1_888,Abduction,23_1_172
9_1_889,Abduction,23_1_173
9_1_890,Abduction,23_1_174
9_1_891,Abduction,23_1_175
9_1_892,Abduction,23_1_176
9_1_893,Abduction,23_1_177
9_1_894,AnteriorFlexion,23_1_178
9_1_895,Abduction,23_1_184
9_1_896,Abduction,23_1_189
9_1_897,AnteriorFlexion,23_1_190
9_1_898,Abduction,23_1_192
9_1_899,Abduction,23_1_193
9_1_900,Extension,23_1_192
9_1_901,GeneralisedProcess,23_1_203
9_1_902,SubclavianArtery,23_1_204
9_1_903,Diameter,23_1_205
9_1_904,TemporalPattern,23_1_207
9_1_905,Affect,23_1_206
9_1_906,BodyStructure,23_1_213
9_1_907,PathologicalBodyStructure,23_1_214
9_1_908,Colour,23_1_206
9_1_909,Cyst,23_1_213
9_1_910,FecalFlow,23_1_206
9_1_911,AbnormalFecalFlow,23_1_223
9_1_912,AbnormalFecalFlow,23_1_129
9_1_913,PathologicalBodyStructure,23_1_224
9_1_914,Chronicity,23_1_225
9_1_915,Intentionality,23_1_226
9_1_916,MaleUrethralMeatus,23_1_213
9_1_917,Phenomenon,23_1_213
9_1_918,PulseRhythm,23_1_206
9_1_919,Speech,23_1_206
9_1_920,CellMorphology,23_1_206
9_1_921,VolumeIncreasing,23_1_206
9_1_922,AbnormalUrineColour,23_1_129
9_1_923,NAMEDVascularPlexus,23_1_206
9_1_924,AcquisitionMode,23_1_231
9_1_925,Level,23_1_232
9_1_926,DryHair,23_1_206
9_1_927,DrySkin,23_1_206
9_1_928,Level,23_1_235
9_1_929,AbnormallyHighPitchSpeech,23_1_129
9_1_930,AbnormallyLowPitchSpeech,23_1_129
9_1_931,Shape,23_1_206
9_1_932,StartingProcess,23_1_237
9_1_933,StoppingProcess,23_1_238
9_1_934,Rubbing,23_1_243
9_1_935,Suddeness,23_1_244
9_1_936,Pus,23_1_245
9_1_937,Abscess,23_1_246
9_1_938,Level,23_1_247
9_1_939,Topology,23_1_248
9_1_940,Keratitis,23_1_252
9_1_941,ExaminingProcess,23_1_259
9_1_942,Topology,23_1_263
9_1_943,PathologicalPhenomenon,23_1_267
9_1_944,BodyStructure,23_1_268
9_1_945,Fracture,23_1_271
9_1_946,Acetone,23_1_273
9_1_947,CatabolicProcess,23_1_274
9_1_948,ProcessActivity,23_1_275
9_1_949,InvestigationAct,23_1_276
9_1_950,Acetylcholine,23_1_273
9_1_951,ProcessActivity,23_1_277
9_1_952,ControlOfFlow,23_1_278
9_1_953,ReflexMuscleContractionProcess,23_1_279
9_1_954,AcquisitionMode,23_1_280
9_1_955,Substance,23_1_281
9_1_956,Aspiration,23_1_282
9_1_957,Level,23_1_283
9_1_958,Level,23_1_284
9_1_959,InflammationLesion,23_1_288
9_1_960,AcquisitionMode,23_1_290
9_1_961,PathologicalBodyStructure,23_1_291
9_1_962,Hypersecretion,23_1_294
9_1_963,SynovialMembrane,23_1_299
9_1_964,BodyCavity,23_1_304
9_1_965,Intentionality,23_1_313
9_1_966,Shape,23_1_314
9_1_967,Effectiveness,23_1_315
9_1_968,StartingProcess,23_1_316
9_1_969,Displacement,23_1_317
9_1_970,ChemicalSubstance,23_1_273
9_1_971,Substance,23_1_273
9_1_972,UlceratingProcess,23_1_319
9_1_973,Implantability,23_1_321
9_1_974,PowerSource,23_1_322
9_1_975,ProcessActivity,23_1_323
9_1_976,Topology,23_1_324
9_1_977,ManufacturingProcess,23_1_325
9_1_978,Chronicity,23_1_326
9_1_979,Effectiveness,23_1_327
9_1_980,CardiacMuscle,23_1_329
9_1_981,CardiacMuscle,23_1_330
9_1_982,DentalCaries,23_1_331
9_1_983,DentinalCaries,23_1_331
9_1_984,AcuteAttack,23_1_335
9_1_985,EnamelCaries,23_1_331
9_1_986,Glaucoma,23_1_331
9_1_987,IneffectiveCardiacFunction,23_1_331
9_1_988,CardiacMuscle,23_1_338
9_1_989,CatabolicProcess,23_1_346
9_1_990,GeneTranscription,23_1_348
9_1_991,MalignantNeoplasticProcess,23_1_353
9_1_992,Duration,23_1_356
9_1_993,Osteomyelitis,23_1_331
9_1_994,PulpitisOfTooth,23_1_331
9_1_995,MucousMembrane,23_1_358
9_1_996,Device,23_1_360
9_1_997,NAMEDVolitionalAct,23_1_361
9_1_998,Substance,23_1_362
9_1_999,AdrenalHypofunction,23_1_369
9_1_1000,Adduction,23_1_370
9_1_1001,OutwardRotation,23_1_370
9_1_1002,AnteriorFlexion,23_1_189
9_1_1003,Extension,23_1_370
9_1_1004,Adduction,23_1_382
9_1_1005,Adduction,23_1_192
9_1_1006,Adduction,23_1_193
9_1_1007,ReflexMuscleContractionProcess,23_1_390
9_1_1008,InflammationLesion,23_1_392
9_1_1009,MalignantNeoplasticProcess,23_1_393
9_1_1010,Adenocyte,23_1_394
9_1_1011,Secretion,23_1_395
9_1_1012,BenignNeoplasticProcess,23_1_393
9_1_1013,DiseaseProcessExtent,23_1_396
9_1_1014,Level,23_1_398
9_1_1015,PathologicalBodyStructure,23_1_399
9_1_1016,AlveolarCollapse,23_1_400
9_1_1017,Material,23_1_401
9_1_1018,Pericarditis,23_1_402
9_1_1019,BodyRegion,23_1_403
9_1_1020,Adjustability,23_1_404
9_1_1021,Displacement,23_1_405
9_1_1022,Displacement,23_1_406
9_1_1023,BodyStructure,23_1_407
9_1_1024,BodyStructure,23_1_409
9_1_1025,BodyStructure,23_1_411
9_1_1026,BodyStructure,23_1_413
9_1_1027,SoftTissue,23_1_403
9_1_1028,SoftTissue,23_1_414
9_1_1029,AgeState,23_1_416
9_1_1030,NonNormalPhenomenon,23_1_417
9_1_1031,Adenocyte,23_1_418
9_1_1032,AtrophicLesion,23_1_421
9_1_1033,Cortex,23_1_422
9_1_1034,BodyProcess,23_1_429
9_1_1035,Secretion,23_1_429
9_1_1036,HyperplasticLesion,23_1_421
9_1_1037,Medulla,23_1_422
9_1_1038,Neurone,23_1_418
9_1_1039,PathologicalPhenomenon,23_1_417
9_1_1040,ChromaffinCell,23_1_444
9_1_1041,Inhibiting,23_1_445
9_1_1042,NeoplasticProcess,23_1_417
9_1_1043,Adrenaline,23_1_273
9_1_1044,Corticotrophin,23_1_273
9_1_1045,Adenocyte,23_1_447
9_1_1046,BodyProcess,23_1_448
9_1_1047,Secretion,23_1_448
9_1_1048,AgeState,23_1_450
9_1_1049,AcquisitionMode,23_1_451
9_1_1050,PathologicalPhenomenon,23_1_458
9_1_1051,AgeState,23_1_460
9_1_1052,AgeState,23_1_461
9_1_1053,Nodularity,23_1_463
9_1_1054,MalignantLymphoidCellNeoplasticProcess,23_1_449
9_1_1055,MalignantNeoplasticProcess,23_1_464
9_1_1056,InfectionLesion,23_1_465
9_1_1057,ChemicalPathway,23_1_467
9_1_1058,PhysicalPresentation,23_1_468
9_1_1059,PhysicalPresentation,23_1_469
9_1_1060,PathologicalPhenomenon,23_1_471
9_1_1061,Range,23_1_476
9_1_1062,PathologicalBodyStructure,23_1_477
9_1_1063,Vagina,23_1_478
9_1_1064,Aggrevating,23_1_479
9_1_1065,Aggression,23_1_129
9_1_1066,Age,23_1_481
9_1_1067,Air,23_1_485
9_1_1068,Space,23_1_486
9_1_1069,ObstructingLesion,23_1_487
9_1_1070,Akathisia,23_1_129
9_1_1071,Alanine,23_1_273
9_1_1072,AcquisitionMode,23_1_492
9_1_1073,Albumin,23_1_273
9_1_1074,ManufacturingProcess,23_1_493
9_1_1075,Albumin,23_1_494
9_1_1076,Alcohol,23_1_273
9_1_1077,PoisoningProcess,23_1_499
9_1_1078,WithdrawalSyndrome,23_1_496
9_1_1079,Cardiomyopathy,23_1_500
9_1_1080,Alcohol,23_1_498
9_1_1081,PhysicalPresentation,23_1_501
9_1_1082,Addiction,23_1_502
9_1_1083,Aldesleukin,23_1_273
9_1_1084,Aldosterone,23_1_506
9_1_1085,Aldosterone,23_1_507
9_1_1086,Substance,23_1_515
9_1_1087,Substance,23_1_517
9_1_1088,Alveolitis,23_1_518
9_1_1089,ConjunctivalInflammation,23_1_521
9_1_1090,Dermatitis,23_1_521
9_1_1091,PathologicalPhenomenon,23_1_522
9_1_1092,InflammationLesion,23_1_523
9_1_1093,Rhinitis,23_1_518
9_1_1094,SkinPathology,23_1_523
9_1_1095,Urticaria,23_1_524
9_1_1096,Vasculitis,23_1_523
9_1_1097,HypersensitivityProcess,23_1_449
9_1_1098,Graft,23_1_525
9_1_1099,ChemicalSubstance,23_1_526
9_1_1100,AllylamineChemical,23_1_273
9_1_1101,Completeness,23_1_527
9_1_1102,Inhibiting,23_1_528
9_1_1103,CatabolicProcess,23_1_529
9_1_1104,Secretion,23_1_530
9_1_1105,ProstaglandinE1,23_1_273
9_1_1106,Constructing,23_1_535
9_1_1107,AluminiumChloride,23_1_273
9_1_1108,ChemicalSubstance,23_1_536
9_1_1109,AdhesionLesion,23_1_539
9_1_1110,ChemicalResorption,23_1_540
9_1_1111,Deflating,23_1_541
9_1_1112,PathologicalCyst,23_1_542
9_1_1113,Exudate,23_1_543
9_1_1114,FibrosisLesion,23_1_539
9_1_1115,Extracting,23_1_546
9_1_1116,PathologicalPhenomenon,23_1_551
9_1_1117,InflammationLesion,23_1_539
9_1_1118,Gas,23_1_506
9_1_1119,Gas,23_1_552
9_1_1120,Duration,23_1_559
9_1_1121,Temperature,23_1_560
9_1_1122,PhenotypicalSex,23_1_561
9_1_1123,AminoAcid,23_1_494
9_1_1124,ChemicalSubstance,23_1_562
9_1_1125,AminoglycosideChemical,23_1_273
9_1_1126,AnabolicProcess,23_1_564
9_1_1127,GeneTranscription,23_1_566
9_1_1128,Ammonia,23_1_273
9_1_1129,ChemicalSubstance,23_1_537
9_1_1130,Amnesia,23_1_129
9_1_1131,Route,23_1_573
9_1_1132,AmnioticFluid,23_1_485
9_1_1133,Ampulla,23_1_582
9_1_1134,ChemicalDeposition,23_1_588
9_1_1135,AmyloidDeposition,23_1_143
9_1_1136,ChemicalPathway,23_1_589
9_1_1137,ClinicalSpeciality,23_1_590
9_1_1138,GeneralisedProcess,23_1_591
9_1_1139,PhysicalState,23_1_592
9_1_1140,AgenesisLesion,23_1_593
9_1_1141,Displacement,23_1_596
9_1_1142,ExaminingProcess,23_1_597
9_1_1143,Fibroblast,23_1_595
9_1_1144,BleedingSymptom,23_1_593
9_1_1145,Edge,23_1_598
9_1_1146,PathologicalPhenomenon,23_1_597
9_1_1147,BodyWall,23_1_601
9_1_1148,MucousMembrane,23_1_604
9_1_1149,Inhibiting,23_1_605
9_1_1150,Immediacy,23_1_606
9_1_1151,NeoplasticLesion,23_1_610
9_1_1152,Constructing,23_1_611
9_1_1153,Artery,23_1_614
9_1_1154,BodyStructure,23_1_615
9_1_1155,AnatomicalShape,23_1_616
9_1_1156,AnatomicalShape,23_1_617
9_1_1157,Sign,23_1_618
9_1_1158,BodyStructure,23_1_619
9_1_1159,BodyStructure,23_1_620
9_1_1160,BodyStructure,23_1_130
9_1_1161,BodyStructure,23_1_621
9_1_1162,BodyStructure,23_1_622
9_1_1163,BodyStructure,23_1_623
9_1_1164,BodyStructure,23_1_624
9_1_1165,Extension,23_1_625
9_1_1166,LysosomalAccumulation,23_1_627
9_1_1167,GeneTranscription,23_1_628
9_1_1168,ChemicalSubstance,23_1_629
9_1_1169,Hyposecretion,23_1_630
9_1_1170,Hormone,23_1_629
9_1_1171,AgenesisLesion,23_1_631
9_1_1172,AgenesisLesion,23_1_632
9_1_1173,PlanarDefect,23_1_633
9_1_1174,VascularDilatationLesion,23_1_634
9_1_1175,VascularDilatationLesion,23_1_635
9_1_1176,VascularDilatationLesion,23_1_636
9_1_1177,VascularDilatationLesion,23_1_637
9_1_1178,Anger,23_1_129
9_1_1179,ChestPain,23_1_638
9_1_1180,Chronicity,23_1_639
9_1_1181,NonDirectInspecting,23_1_640
9_1_1182,Secretion,23_1_642
9_1_1183,Commissure,23_1_643
9_1_1184,Angle,23_1_645
9_1_1185,Angle,23_1_646
9_1_1186,Angle,23_1_647
9_1_1187,Angle,23_1_312
9_1_1188,Level,23_1_648
9_1_1189,Anhidrosis,23_1_649
9_1_1190,ExaminingProcess,23_1_662
9_1_1191,ExaminingProcess,23_1_663
9_1_1192,OedemaSymptom,23_1_664
9_1_1193,Displacement,23_1_666
9_1_1194,Sign,23_1_662
9_1_1195,SwellingSymptom,23_1_664
9_1_1196,Symptom,23_1_662
9_1_1197,Ankylosis,23_1_667
9_1_1198,InflammationLesion,23_1_667
9_1_1199,FusionLesion,23_1_668
9_1_1200,AnteriorFlexion,23_1_670
9_1_1201,Extension,23_1_675
9_1_1202,Secretion,23_1_678
9_1_1203,Behaviour,23_1_680
9_1_1204,Extension,23_1_681
9_1_1205,AnteriorFlexion,23_1_683
9_1_1206,Adduction,23_1_173
9_1_1207,NonDirectInspecting,23_1_685
9_1_1208,AnteriorFlexion,23_1_370
9_1_1209,Extension,23_1_173
9_1_1210,Substance,23_1_689
9_1_1211,AnteriorFlexion,23_1_690
9_1_1212,GeneralisedProcess,23_1_688
9_1_1213,Dermatome,23_1_691
9_1_1214,GeneTranscription,23_1_692
9_1_1215,AnteriorFlexion,23_1_694
9_1_1216,BodyProcess,23_1_689
9_1_1217,TissueCell,23_1_696
9_1_1218,Substance,23_1_673
9_1_1219,GeneTranscription,23_1_701
9_1_1220,BodyStructure,23_1_687
9_1_1221,Extension,23_1_703
9_1_1222,Colour,23_1_706
9_1_1223,ManufacturingProcess,23_1_708
9_1_1224,InternalRegion,23_1_710
9_1_1225,AnabolicProcess,23_1_711
9_1_1226,Extension,23_1_713
9_1_1227,AllergyProcess,23_1_716
9_1_1228,Secretion,23_1_718
9_1_1229,Shaft,23_1_722
9_1_1230,NAMEDNonBodySubstance,23_1_725
9_1_1231,AnteriorFlexion,23_1_727
9_1_1232,ChronicLymphocyticLeukaemia,23_1_728
9_1_1233,GeneTranscription,23_1_729
9_1_1234,PhysicallySupporting,23_1_731
9_1_1235,Collection,23_1_673
9_1_1236,Extension,23_1_733
9_1_1237,Abduction,23_1_370
9_1_1238,BodyStructure,23_1_143
9_1_1239,PathologicalProcess,23_1_737
9_1_1240,PartOfBack,23_1_738
9_1_1241,AnteriorFlexion,23_1_193
9_1_1242,SkinOfLeg,23_1_741
9_1_1243,Dermatome,23_1_743
9_1_1244,Behaviour,23_1_143
9_1_1245,SurfaceOfCrownOfTooth,23_1_746
9_1_1246,AnteriorFlexion,23_1_192
9_1_1247,SurfaceRegion,23_1_749
9_1_1248,GeneralisedProcess,23_1_751
9_1_1249,Collection,23_1_206
9_1_1250,Dermatome,23_1_753
9_1_1251,InwardVersion,23_1_755
9_1_1252,Stabilizing,23_1_756
9_1_1253,BodyWall,23_1_758
9_1_1254,PartOfSkinOfBack,23_1_760
9_1_1255,Extension,23_1_761
9_1_1256,Secretion,23_1_762
9_1_1257,Extension,23_1_764
9_1_1258,InwardRotation,23_1_173
9_1_1259,AnteriorFlexion,23_1_766
9_1_1260,BodyProcess,23_1_687
9_1_1261,GeneralisedStructure,23_1_688
9_1_1262,MovingSideways,23_1_768
9_1_1263,BodyRegion,23_1_769
9_1_1264,AbstractCavity,23_1_770
9_1_1265,BodyProcess,23_1_143
9_1_1266,Behaviour,23_1_673
9_1_1267,Recess,23_1_771
9_1_1268,AnteriorFlexion,23_1_703
9_1_1269,AnteriorFlexion,23_1_173
9_1_1270,Eminence,23_1_779
9_1_1271,Adduction,23_1_766
9_1_1272,BodyStructure,23_1_781
9_1_1273,InwardRotation,23_1_370
9_1_1274,Dermatome,23_1_783
9_1_1275,PosteriorIntercostalArtery,23_1_784
9_1_1276,Extension,23_1_786
9_1_1277,PosteriorIntercostalArtery,23_1_787
9_1_1278,CardiacMuscle,23_1_788
9_1_1279,BodyStructure,23_1_791
9_1_1280,BodyProcess,23_1_673
9_1_1281,PosteriorIntercostalArtery,23_1_792
9_1_1282,Meatus,23_1_793
9_1_1283,ExternalStimulusSensation,23_1_206
9_1_1284,GeneralisedStructure,23_1_795
9_1_1285,AnteriorFlexion,23_1_797
9_1_1286,PhysicallySupporting,23_1_801
9_1_1287,PosteriorIntercostalArtery,23_1_802
9_1_1288,AnteriorFlexion,23_1_803
9_1_1289,PhysicallySupporting,23_1_804
9_1_1290,Adduction,23_1_764
9_1_1291,SolidRegion,23_1_806
9_1_1292,Secretion,23_1_807
9_1_1293,Dermatome,23_1_809
9_1_1294,AnabolicProcess,23_1_810
9_1_1295,Meniscus,23_1_811
9_1_1296,InternalRegion,23_1_813
9_1_1297,Topology,23_1_814
9_1_1298,GeneTranscription,23_1_816
9_1_1299,AnteriorFlexion,23_1_681
9_1_1300,SkinOfThigh,23_1_820
9_1_1301,Dermatome,23_1_824
9_1_1302,OutwardRotation,23_1_681
9_1_1303,AnteriorFlexion,23_1_177
9_1_1304,OutwardRotation,23_1_173
9_1_1305,AnteriorFlexion,23_1_826
9_1_1306,InternalRegion,23_1_827
9_1_1307,Impetigo,23_1_828
9_1_1308,GeneTranscription,23_1_829
9_1_1309,Epicondyle,23_1_811
9_1_1310,MeasuringProcess,23_1_831
9_1_1311,GeneTranscription,23_1_835
9_1_1312,Dorsiflexion,23_1_694
9_1_1313,MalignantNeoplasticProcess,23_1_838
9_1_1314,Extension,23_1_670
9_1_1315,Adduction,23_1_786
9_1_1316,GenericBodyStructure,23_1_612
9_1_1317,Dermatome,23_1_840
9_1_1318,GeneTranscription,23_1_841
9_1_1319,Storing,23_1_843
9_1_1320,Extension,23_1_797
9_1_1321,BodyWall,23_1_846
9_1_1322,Extension,23_1_178
9_1_1323,AnabolicProcess,23_1_849
9_1_1324,Dermatome,23_1_851
9_1_1325,Secretion,23_1_853
9_1_1326,Dermatome,23_1_855
9_1_1327,Dermatome,23_1_856
9_1_1328,BodyProcess,23_1_206
9_1_1329,GeneTranscription,23_1_857
9_1_1330,BodyProcess,23_1_680
9_1_1331,SkinOfThigh,23_1_741
9_1_1332,PowerSource,23_1_860
9_1_1333,Moving,23_1_731
9_1_1334,BodyPart,23_1_612
9_1_1335,Abduction,23_1_764
9_1_1336,Dermatome,23_1_864
9_1_1337,Behaviour,23_1_687
9_1_1338,AnteriorFlexion,23_1_866
9_1_1339,GeneTranscription,23_1_868
9_1_1340,BodyWall,23_1_870
9_1_1341,Substance,23_1_687
9_1_1342,Adduction,23_1_797
9_1_1343,Calcium,23_1_506
9_1_1344,IonisationFeature,23_1_874
9_1_1345,PartOfSkinOfBack,23_1_875
9_1_1346,Blood,23_1_877
9_1_1347,Dermatome,23_1_878
9_1_1348,StructuralFeature,23_1_879
9_1_1349,Secretion,23_1_881
9_1_1350,Substance,23_1_494
9_1_1351,CerebralHemisphere,23_1_884
9_1_1352,Behaviour,23_1_206
9_1_1353,Dermatome,23_1_886
9_1_1354,Supination,23_1_888
9_1_1355,InternalLinearSegment,23_1_889
9_1_1356,Dermatome,23_1_890
9_1_1357,AnteriorIntercostalArtery,23_1_792
9_1_1358,AnteriorIntercostalArtery,23_1_802
9_1_1359,Abduction,23_1_866
9_1_1360,Extension,23_1_898
9_1_1361,TemporalPattern,23_1_900
9_1_1362,GeneralisedSubstance,23_1_795
9_1_1363,BodyStructure,23_1_206
9_1_1364,PhenotypicalSex,23_1_904
9_1_1365,GeneTranscription,23_1_906
9_1_1366,Dermatome,23_1_908
9_1_1367,PathologicalProcess,23_1_911
9_1_1368,GeneTranscription,23_1_912
9_1_1369,AnabolicProcess,23_1_914
9_1_1370,Elevating,23_1_768
9_1_1371,AnteriorFlexion,23_1_625
9_1_1372,InterphalangealJoint,23_1_918
9_1_1373,PathologicalProcess,23_1_920
9_1_1374,Edge,23_1_921
9_1_1375,Dermatome,23_1_922
9_1_1376,AnabolicProcess,23_1_925
9_1_1377,InternalRegion,23_1_926
9_1_1378,BenignNeoplasticProcess,23_1_927
9_1_1379,SkinOfFoot,23_1_820
9_1_1380,BodyStructure,23_1_689
9_1_1381,DegenerativeProcess,23_1_930
9_1_1382,CerebralHemisphere,23_1_931
9_1_1383,ProcessActivity,23_1_933
9_1_1384,BodyStructure,23_1_935
9_1_1385,BodyStructure,23_1_673
9_1_1386,PosteriorIntercostalArtery,23_1_936
9_1_1387,Dermatome,23_1_937
9_1_1388,GeneTranscription,23_1_938
9_1_1389,GeneTranscription,23_1_940
9_1_1390,Urine,23_1_942
9_1_1391,Secretion,23_1_943
9_1_1392,AnteriorFlexion,23_1_713
9_1_1393,GeneTranscription,23_1_946
9_1_1394,Substance,23_1_143
9_1_1395,InwardRotation,23_1_803
9_1_1396,PosteriorIntercostalArtery,23_1_952
9_1_1397,MovingForwards,23_1_768
9_1_1398,AnteriorFlexion,23_1_764
9_1_1399,Extension,23_1_956
9_1_1400,Multiple,23_1_962
9_1_1401,AnteriorFlexion,23_1_184
9_1_1402,PhysicalState,23_1_963
9_1_1403,PhysicalState,23_1_964
9_1_1404,Extension,23_1_965
9_1_1405,Proportion,23_1_967
9_1_1406,Magnesium,23_1_506
9_1_1407,Phenomenon,23_1_534
9_1_1408,PosteriorIntercostalArtery,23_1_973
9_1_1409,PartOfSkinOfBack,23_1_975
9_1_1410,GeneralisedSubstance,23_1_688
9_1_1411,Extension,23_1_977
9_1_1412,Displacement,23_1_978
9_1_1413,BodyWall,23_1_981
9_1_1414,ExternalVersion,23_1_694
9_1_1415,GeneTranscription,23_1_983
9_1_1416,Eminence,23_1_985
9_1_1417,GeneTranscription,23_1_986
9_1_1418,InwardVersion,23_1_694
9_1_1419,Gramstaining,23_1_988
9_1_1420,ReproductiveProcess,23_1_989
9_1_1421,PotentialCavity,23_1_990
9_1_1422,GeneTranscription,23_1_995
9_1_1423,ExternalVersion,23_1_755
9_1_1424,AnteriorIntercostalArtery,23_1_999
9_1_1425,Lowering,23_1_768
9_1_1426,Vein,23_1_1001
9_1_1427,SoftTissue,23_1_1003
9_1_1428,Substance,23_1_1005
9_1_1429,AnteriorFlexion,23_1_1007
9_1_1430,PartOfSkinOfBack,23_1_1009
9_1_1431,Dermatome,23_1_1010
9_1_1432,GeneTranscription,23_1_1013
9_1_1433,SoftTissue,23_1_1015
9_1_1434,Stabilizing,23_1_1017
9_1_1435,Condyle,23_1_811
9_1_1436,PathologicalProcess,23_1_227
9_1_1437,PartOfSkinOfBack,23_1_1020
9_1_1438,GeneTranscription,23_1_1022
9_1_1439,AnteriorIntercostalArtery,23_1_936
9_1_1440,Abduction,23_1_803
9_1_1441,AnabolicProcess,23_1_1027
9_1_1442,Extension,23_1_1029
9_1_1443,GeneTranscription,23_1_1031
9_1_1444,Pronation,23_1_888
9_1_1445,BodyStructure,23_1_1034
9_1_1446,Dermatome,23_1_1035
9_1_1447,InternalBodyStructure,23_1_677
9_1_1448,AnteriorFlexion,23_1_786
9_1_1449,Adduction,23_1_177
9_1_1450,Dermatome,23_1_1036
9_1_1451,Extension,23_1_803
9_1_1452,Adduction,23_1_184
9_1_1453,Topology,23_1_1042
9_1_1454,PartOfBack,23_1_1043
9_1_1455,Adduction,23_1_761
9_1_1456,GeneTranscription,23_1_1044
9_1_1457,BodyWall,23_1_1049
9_1_1458,Collection,23_1_795
9_1_1459,Abduction,23_1_683
9_1_1460,SkinOfKnee,23_1_32
9_1_1461,PartOfSkinOfBack,23_1_1052
9_1_1462,Sodium,23_1_506
9_1_1463,BodyStructure,23_1_1053
9_1_1464,Dermatome,23_1_1054
9_1_1465,Collection,23_1_687
9_1_1466,Impetigo,23_1_1060
9_1_1467,Adduction,23_1_683
9_1_1468,Dermatome,23_1_1061
9_1_1469,AnteriorFlexion,23_1_1063
9_1_1470,ClinicalSpeciality,23_1_1065
9_1_1471,BloodCell,23_1_1066
9_1_1472,ProcessActivity,23_1_1068
9_1_1473,AnteriorFlexion,23_1_761
9_1_1474,BodyPart,23_1_440
9_1_1475,Extension,23_1_727
9_1_1476,AnteriorIntercostalArtery,23_1_169
9_1_1477,SmoothMuscleContractionProcess,23_1_1070
9_1_1478,Air,23_1_877
9_1_1479,Dermatome,23_1_1072
9_1_1480,BodyStructure,23_1_1073
9_1_1481,SkinOfPlantarRegionOfFoot,23_1_1074
9_1_1482,Extension,23_1_190
9_1_1483,BodyWall,23_1_1077
9_1_1484,InternalRegion,23_1_1079
9_1_1485,Insulin,23_1_1080
9_1_1486,Collection,23_1_143
9_1_1487,Extension,23_1_1085
9_1_1488,Secretion,23_1_1086
9_1_1489,GeneTranscription,23_1_1087
9_1_1490,Eminence,23_1_550
9_1_1491,GeneTranscription,23_1_1091
9_1_1492,ThrombusLesion,23_1_1093
9_1_1493,BloodVessel,23_1_1094
9_1_1494,BodyStructure,23_1_1096
9_1_1495,LinearBodyStructure,23_1_1097
9_1_1496,PotentialCavity,23_1_1099
9_1_1497,LeftwardRotation,23_1_768
9_1_1498,PartOfBack,23_1_884
9_1_1499,Gait,23_1_1100
9_1_1500,Abduction,23_1_766
9_1_1501,AnteriorIntercostalArtery,23_1_1101
9_1_1502,Substance,23_1_534
9_1_1503,GeneTranscription,23_1_1102
9_1_1504,GeneTranscription,23_1_1107
9_1_1505,SkinOfLeg,23_1_820
9_1_1506,TasteBud,23_1_1110
9_1_1507,Abduction,23_1_786
9_1_1508,PotentialCavity,23_1_486
9_1_1509,ClinicalSpeciality,23_1_1114
9_1_1510,PosteriorIntercostalArtery,23_1_1101
9_1_1511,Substance,23_1_206
9_1_1512,Dermatome,23_1_1118
9_1_1513,GeneTranscription,23_1_1120
9_1_1514,InternalRegion,23_1_1125
9_1_1515,Feature,23_1_1126
9_1_1516,FGroupProstaglandin,23_1_273
9_1_1517,AnteriorIntercostalArtery,23_1_973
9_1_1518,AnteriorFlexion,23_1_1029
9_1_1519,BodyProcess,23_1_534
9_1_1520,ThelarcheProcess,23_1_1132
9_1_1521,IntrauterineBodyPosition,23_1_1133
9_1_1522,GeneralisedProcess,23_1_1139
9_1_1523,TemporalPattern,23_1_901
9_1_1524,BodyStructure,23_1_440
9_1_1525,Adduction,23_1_803
9_1_1526,Behaviour,23_1_689
9_1_1527,IntrauterineBodyPosition,23_1_1143
9_1_1528,presence,23_1_1145
9_1_1529,PotentialCavity,23_1_1148
9_1_1530,AnteriorIntercostalArtery,23_1_784
9_1_1531,SkinCovering,23_1_1020
9_1_1532,PotentialCavity,23_1_1152
9_1_1533,OutwardRotation,23_1_727
9_1_1534,AnabolicProcess,23_1_1154
9_1_1535,GeneTranscription,23_1_1155
9_1_1536,BodySubstance,23_1_1005
9_1_1537,IntrauterineBodyPosition,23_1_1158
9_1_1538,RightwardRotation,23_1_768
9_1_1539,Dermatome,23_1_1165
9_1_1540,GeneTranscription,23_1_1167
9_1_1541,SkinOfThigh,23_1_1074
9_1_1542,Nerve,23_1_1169
9_1_1543,BodyWall,23_1_1171
9_1_1544,Malleolus,23_1_811
9_1_1545,AnteriorIntercostalArtery,23_1_787
9_1_1546,PersonalityType,23_1_1173
9_1_1547,Dermatome,23_1_1176
9_1_1548,Dermatome,23_1_1177
9_1_1549,SkinCovering,23_1_875
9_1_1550,MyocardialHypertrophy,23_1_1181
9_1_1551,PartOfBack,23_1_931
9_1_1552,BodyStructure,23_1_680
9_1_1553,Abduction,23_1_761
9_1_1554,NAMEDNonBodySubstance,23_1_1184
9_1_1555,Displacement,23_1_1187
9_1_1556,Extension,23_1_1189
9_1_1557,Dermatome,23_1_1191
9_1_1558,Removing,23_1_1192
9_1_1559,LateralFlexion,23_1_681
9_1_1560,PathologicalProcess,23_1_1194
9_1_1561,Dermatome,23_1_1195
9_1_1562,Displacement,23_1_1196
9_1_1563,Displacement,23_1_1198
9_1_1564,ControlOfFlow,23_1_1199
9_1_1565,BodyStructure,23_1_534
9_1_1566,Lobe,23_1_1200
9_1_1567,PancreaticoduodenalArtery,23_1_1201
9_1_1568,Abduction,23_1_1085
9_1_1569,ImagingProcess,23_1_1203
9_1_1570,PieceOfSkinOrgan,23_1_1205
9_1_1571,OutwardRotation,23_1_803
9_1_1572,Dermatome,23_1_1206
9_1_1573,AnteriorFlexion,23_1_733
9_1_1574,GeneTranscription,23_1_1207
9_1_1575,PathologicalProcess,23_1_1209
9_1_1576,BloodVessel,23_1_1210
9_1_1577,PathologicalProcess,23_1_1212
9_1_1578,AnteriorIntercostalArtery,23_1_952
9_1_1579,Extension,23_1_826
9_1_1580,Catheter,23_1_1213
9_1_1581,BenignNeoplasticProcess,23_1_1215
9_1_1582,Extension,23_1_193
9_1_1583,GeneTranscription,23_1_1218
9_1_1584,DamagingProcess,23_1_1220
9_1_1585,PathologicalProcess,23_1_1221
9_1_1586,PathologicalProcess,23_1_1222
9_1_1587,AnabolicProcess,23_1_1225
9_1_1588,Stabilizing,23_1_1226
9_1_1589,MinorBronchus,23_1_1228
9_1_1590,Gramstaining,23_1_1230
9_1_1591,Substance,23_1_680
9_1_1592,GeneTranscription,23_1_1232
9_1_1593,Adduction,23_1_866
9_1_1594,AnteriorIntercostalArtery,23_1_168
9_1_1595,Potassium,23_1_506
9_1_1596,PathologicalProcess,23_1_1234
9_1_1597,Dermatome,23_1_1235
9_1_1598,SkinOfLeg,23_1_1074
9_1_1599,Substance,23_1_506
9_1_1600,PosteriorIntercostalArtery,23_1_999
9_1_1601,AnatomicalShape,23_1_1241
9_1_1602,Eminence,23_1_1245
9_1_1603,IntrauterineBodyPosition,23_1_1247
9_1_1604,Abduction,23_1_690
9_1_1605,Dermatome,23_1_1249
9_1_1606,BodyStructure,23_1_1250
9_1_1607,Tissue,23_1_1251
9_1_1608,PathologicalProcess,23_1_1253
9_1_1609,PathologicalProcess,23_1_1255
9_1_1610,CardiacMuscle,23_1_1256
9_1_1611,LateralFlexion,23_1_727
9_1_1612,Dermatome,23_1_1258
9_1_1613,GeneTranscription,23_1_1259
9_1_1614,AnabolicProcess,23_1_1261
9_1_1615,Chyle,23_1_877
9_1_1616,Abduction,23_1_797
9_1_1617,BodyStructure,23_1_1263
9_1_1618,GeneTranscription,23_1_1264
9_1_1619,Chlorine,23_1_506
9_1_1620,Adduction,23_1_1085
9_1_1621,Adduction,23_1_690
9_1_1622,PathologicalProcess,23_1_1267
9_1_1623,Extension,23_1_184
9_1_1624,ReproductiveProcess,23_1_1269
9_1_1625,CardiacMuscle,23_1_1271
9_1_1626,AnteriorFlexion,23_1_1085
9_1_1627,TasteBud,23_1_1276
9_1_1628,SkinCovering,23_1_1278
9_1_1629,GeneTranscription,23_1_1281
9_1_1630,BodyStructure,23_1_1283
9_1_1631,Dermatome,23_1_1284
9_1_1632,BodyStructure,23_1_1285
9_1_1633,Level,23_1_1286
9_1_1634,Anorexia,23_1_129
9_1_1635,NonDirectInspecting,23_1_1287
9_1_1636,Oxygen,23_1_1288
9_1_1637,Vein,23_1_1289
9_1_1638,AtlantoOccipitalMembrane,23_1_32
9_1_1639,AtLeastPairedBodyWall,23_1_32
9_1_1640,InferiorCalcanealTubercle,23_1_1295
9_1_1641,CecalArtery,23_1_32
9_1_1642,CorticalArtery,23_1_1305
9_1_1643,Lymphnode,23_1_1308
9_1_1644,BodyStructure,23_1_1309
9_1_1645,ChamberOfEye,23_1_32
9_1_1646,CruciateLigament,23_1_32
9_1_1647,EthmoidSinus,23_1_32
9_1_1648,EthmoidalArtery,23_1_32
9_1_1649,FascialCompartment,23_1_32
9_1_1650,AnteriorFascialCompartment,23_1_1359
9_1_1651,AnteriorFascialCompartment,23_1_1363
9_1_1652,AnteriorFascialCompartment,23_1_1372
9_1_1653,AnteriorFascialCompartment,23_1_1377
9_1_1654,FascicularBranchOfLeftBundleBranch,23_1_32
9_1_1655,LacrimalCrest,23_1_32
9_1_1656,LobeOfPituitaryGland,23_1_32
9_1_1657,PartOfInferiorMediastinum,23_1_32
9_1_1658,ChordaeTendinae,23_1_1411
9_1_1659,CardiacMuscle,23_1_1414
9_1_1660,PerforatedSubstance,23_1_32
9_1_1661,PharyngealWall,23_1_32
9_1_1662,PoleOfOcularLens,23_1_32
9_1_1663,SectionOfPyramidalTract,23_1_1417
9_1_1664,Route,23_1_32
9_1_1665,SacralFascia,23_1_32
9_1_1666,SpinalNerveRoot,23_1_32
9_1_1667,SurfaceOfScapula,23_1_32
9_1_1668,Tooth,23_1_32
9_1_1669,ChordaeTendinae,23_1_1435
9_1_1670,PapillaryMuscle,23_1_1403
9_1_1671,PartOfDivisionOfTongue,23_1_32
9_1_1672,PartOfDorsumOfTongue,23_1_32
9_1_1673,PartOfSolidDivisionOfTongue,23_1_32
9_1_1674,InflammationLesion,23_1_1438
9_1_1675,Amnesia,23_1_1441
9_1_1676,Displacement,23_1_1442
9_1_1677,PapillaryMuscle,23_1_1402
9_1_1678,ChemicalSubstance,23_1_287
9_1_1679,AnthracyclineChemical,23_1_273
9_1_1680,InfectionLesion,23_1_1445
9_1_1681,Immunoglobulin,23_1_1446
9_1_1682,Immunoglobulin,23_1_1447
9_1_1683,AntiDImmunoglobulin,23_1_273
9_1_1684,Angiotensin,23_1_273
9_1_1685,Immunoglobulin,23_1_1449
9_1_1686,ChemicalSubstance,23_1_1450
9_1_1687,Antiandrogen,23_1_273
9_1_1688,Hormone,23_1_1450
9_1_1689,ColitisLesion,23_1_1451
9_1_1690,LifeDamagingProcess,23_1_1452
9_1_1691,Immunoglobulin,23_1_1454
9_1_1692,Antibody,23_1_273
9_1_1693,ImmuneResponse,23_1_1456
9_1_1694,Preventing,23_1_1457
9_1_1695,Phenomenon,23_1_1458
9_1_1696,Substance,23_1_1459
9_1_1697,Substance,23_1_1460
9_1_1698,AntihumanGlobulinAntibody,23_1_2
9_1_1699,ChemicalSubstance,23_1_1461
9_1_1700,Immunoglobulin,23_1_1463
9_1_1701,Immunoglobulin,23_1_1464
9_1_1702,ChemicalSubstance,23_1_1465
9_1_1703,Hormone,23_1_1465
9_1_1704,Anxiety,23_1_129
9_1_1705,VascularDilatationLesion,23_1_292
9_1_1706,AgenesisLesion,23_1_1484
9_1_1707,BodyStructure,23_1_1485
9_1_1708,HeartValveIncompetence,23_1_1487
9_1_1709,Lymphnode,23_1_1488
9_1_1710,InternalOrifice,23_1_805
9_1_1711,AorticIncompetence,23_1_1492
9_1_1712,AnulusFibrosus,23_1_805
9_1_1713,Cusp,23_1_805
9_1_1714,PathologicalPhenomenon,23_1_1502
9_1_1715,Lunule,23_1_805
9_1_1716,GeneralisedProcess,23_1_1503
9_1_1717,Stricture,23_1_1505
9_1_1718,AorticValveStenosisLesion,23_1_1506
9_1_1719,BodyStructure,23_1_1507
9_1_1720,Vestibule,23_1_1508
9_1_1721,InflammationLesion,23_1_292
9_1_1722,Apex,23_1_1510
9_1_1723,Apex,23_1_1511
9_1_1724,Apex,23_1_1290
9_1_1725,Apex,23_1_1516
9_1_1726,Apex,23_1_1517
9_1_1727,Apex,23_1_1518
9_1_1728,Apex,23_1_1519
9_1_1729,Apex,23_1_1521
9_1_1730,Aphonia,23_1_129
9_1_1731,InflammationLesion,23_1_1527
9_1_1732,LowHaemoglobinConcentration,23_1_1528
9_1_1733,PathologicalBodyStructure,23_1_1529
9_1_1734,InflammationLesion,23_1_1530
9_1_1735,AbdominalColic,23_1_1532
9_1_1736,Juice,23_1_1535
9_1_1737,Applying,23_1_1536
9_1_1738,Appropriateness,23_1_1537
9_1_1739,PhysicalPresentation,23_1_1538
9_1_1740,ArachisOil,23_1_273
9_1_1741,BonyArch,23_1_1541
9_1_1742,BonyArch,23_1_1542
9_1_1743,BonyArch,23_1_1543
9_1_1744,BonyArch,23_1_1544
9_1_1745,BonyArch,23_1_1545
9_1_1746,DimensionDecreasingProcess,23_1_1549
9_1_1747,DimensionIncreasingProcess,23_1_1549
9_1_1748,Multiple,23_1_1550
9_1_1749,SurfaceRegion,23_1_1551
9_1_1750,Multiple,23_1_1552
9_1_1751,Arginine,23_1_273
9_1_1752,ExaminingProcess,23_1_1576
9_1_1753,OedemaSymptom,23_1_1577
9_1_1754,Displacement,23_1_1578
9_1_1755,Sign,23_1_1576
9_1_1756,Symptom,23_1_1576
9_1_1757,MyocardialPathology,23_1_1579
9_1_1758,VascularDilatationLesion,23_1_1582
9_1_1759,LiquidBlood,23_1_1588
9_1_1760,LiquidBlood,23_1_1589
9_1_1761,Flow,23_1_1592
9_1_1762,Artery,23_1_1593
9_1_1763,Diameter,23_1_1594
9_1_1764,Occluding,23_1_1595
9_1_1765,Wall,23_1_1596
9_1_1766,ExaminingProcess,23_1_1598
9_1_1767,Artery,23_1_1599
9_1_1768,PathologicalPhenomenon,23_1_1600
9_1_1769,Palpating,23_1_1603
9_1_1770,BodyStructure,23_1_209
9_1_1771,ThrombusLesion,23_1_1604
9_1_1772,Diameter,23_1_1608
9_1_1773,SclerosisLesion,23_1_1609
9_1_1774,InflammationLesion,23_1_1604
9_1_1775,Artery,23_1_1617
9_1_1776,Artery,23_1_1618
9_1_1777,Artery,23_1_1619
9_1_1778,Artery,23_1_1620
9_1_1779,Artery,23_1_1621
9_1_1780,Artery,23_1_1622
9_1_1781,Artery,23_1_1623
9_1_1782,Artery,23_1_1624
9_1_1783,Artery,23_1_1625
9_1_1784,Artery,23_1_1626
9_1_1785,Artery,23_1_1627
9_1_1786,Artery,23_1_1628
9_1_1787,Artery,23_1_1629
9_1_1788,Artery,23_1_1630
9_1_1789,Artery,23_1_419
9_1_1790,Artery,23_1_16
9_1_1791,InflammationLesion,23_1_668
9_1_1792,Device,23_1_1631
9_1_1793,SurgicalDeed,23_1_1632
9_1_1794,SurgicalIncising,23_1_1633
9_1_1795,Cartilage,23_1_1634
9_1_1796,ArticularFacet,23_1_1638
9_1_1797,ArticularFacet,23_1_1639
9_1_1798,ArticularFacet,23_1_1640
9_1_1799,ArticularFacet,23_1_1641
9_1_1800,ArticularProcess,23_1_1542
9_1_1801,ArticularProcess,23_1_1543
9_1_1802,ArticularProcess,23_1_1544
9_1_1803,ArticularProcess,23_1_1545
9_1_1804,ArticularProcess,23_1_1642
9_1_1805,AnatomicalShape,23_1_1643
9_1_1806,ArticularSurface,23_1_1645
9_1_1807,ArticularSurface,23_1_1646
9_1_1808,Level,23_1_1647
9_1_1809,ArticulationProcess,23_1_1648
9_1_1810,ArticulationProcess,23_1_176
9_1_1811,GeneralisedProcess,23_1_1649
9_1_1812,GeneralisedProcess,23_1_1651
9_1_1813,GeneralisedProcess,23_1_1652
9_1_1814,CatabolicProcess,23_1_1657
9_1_1815,Diagnosis,23_1_1662
9_1_1816,Transudate,23_1_1672
9_1_1817,AscorbicAcid,23_1_273
9_1_1818,ImpairedRespiratoryGasExchange,23_1_1673
9_1_1819,Device,23_1_1675
9_1_1820,Concentration,23_1_1676
9_1_1821,Phenomenon,23_1_1677
9_1_1822,BodyProcess,23_1_1678
9_1_1823,DeliveryProcess,23_1_1679
9_1_1824,GenericProcess,23_1_1680
9_1_1825,BodyWall,23_1_612
9_1_1826,JerkyBodyMovement,23_1_1682
9_1_1827,Gait,23_1_1683
9_1_1828,Deflating,23_1_1685
9_1_1829,SynovialMembrane,23_1_1686
9_1_1830,SynovialMembrane,23_1_1691
9_1_1831,SynovialMembrane,23_1_1696
9_1_1832,GaseousCarbonMonoxide,23_1_552
9_1_1833,GaseousCarbonDioxide,23_1_552
9_1_1834,GaseousNitrogen,23_1_552
9_1_1835,GaseousOxygen,23_1_552
9_1_1836,Eczema,23_1_1706
9_1_1837,AcquisitionMode,23_1_1707
9_1_1838,AgenesisLesion,23_1_1709
9_1_1839,AgenesisLesion,23_1_1710
9_1_1840,AgenesisLesion,23_1_1711
9_1_1841,VascularDilatationLesion,23_1_1712
9_1_1842,CardiacMuscleContractionProcess,23_1_1713
9_1_1843,AtrialSeptalDefect,23_1_1714
9_1_1844,Depolarising,23_1_1715
9_1_1845,Diameter,23_1_1716
9_1_1846,EctopicCardiacDepolarisingFocus,23_1_1717
9_1_1847,AtrialBeat,23_1_1719
9_1_1848,Level,23_1_1721
9_1_1849,CardiacMuscle,23_1_1722
9_1_1850,CardiacMuscle,23_1_1723
9_1_1851,ConnectiveTissueCell,23_1_1722
9_1_1852,Frequency,23_1_1724
9_1_1853,TemporalPattern,23_1_1725
9_1_1854,PlanarDefect,23_1_1726
9_1_1855,BodyStructure,23_1_1722
9_1_1856,ElectricalConduction,23_1_210
9_1_1857,Displacement,23_1_1729
9_1_1858,Displacement,23_1_1730
9_1_1859,Depolarising,23_1_1728
9_1_1860,AtrioventricularNodeDepolarisation,23_1_261
9_1_1861,Leaflet,23_1_1737
9_1_1862,AnulusFibrosus,23_1_1737
9_1_1863,Topology,23_1_1738
9_1_1864,AtrophicLesion,23_1_1739
9_1_1865,ChronicInflammation,23_1_320
9_1_1866,Glossitis,23_1_1740
9_1_1867,PathologicalBodyStructure,23_1_1741
9_1_1868,SkinAsOrgan,23_1_1742
9_1_1869,VaginalInflammation,23_1_1743
9_1_1870,AtrophicLesion,23_1_339
9_1_1871,PieceOfGingiva,23_1_1744
9_1_1872,OcclusionOfTeeth,23_1_206
9_1_1873,Concept,23_1_1747
9_1_1874,MeasuringProcess,23_1_1748
9_1_1875,Acuity,23_1_1749
9_1_1876,CognitiveProcess,23_1_1750
9_1_1877,Hallucination,23_1_1748
9_1_1878,BodyStructure,23_1_1759
9_1_1879,Displacement,23_1_1760
9_1_1880,BleedingSymptom,23_1_1761
9_1_1881,OedemaSymptom,23_1_1762
9_1_1882,Route,23_1_1763
9_1_1883,Diameter,23_1_1765
9_1_1884,BodyStructure,23_1_1583
9_1_1885,Graft,23_1_1583
9_1_1886,PathologicalPhenomenon,23_1_1770
9_1_1887,AutoimmuneProcess,23_1_1771
9_1_1888,AutoimmuneProcess,23_1_1774
9_1_1889,TissueGraft,23_1_1583
9_1_1890,Nerve,23_1_1775
9_1_1891,BiologicalCardiacValveProsthesis,23_1_1583
9_1_1892,Quality,23_1_1777
9_1_1893,Instruction,23_1_1778
9_1_1894,Lymphnode,23_1_1804
9_1_1895,ExaminingProcess,23_1_1803
9_1_1896,BloodGroupBAntigen,23_1_2
9_1_1897,InfectionLesion,23_1_1822
9_1_1898,ChronicLymphocyticLeukaemia,23_1_1823
9_1_1899,MalignantNeoplasticProcess,23_1_1827
9_1_1900,BCellLymphocyte,23_1_1066
9_1_1901,PrintedAppendix,23_1_1828
9_1_1902,PrintedChapter,23_1_1828
9_1_1903,PrintedChapterSection,23_1_1829
9_1_1904,PrintedChapterSection,23_1_1830
9_1_1905,PrintedChapterSection,23_1_1831
9_1_1906,PrintedChapterSection,23_1_1832
9_1_1907,PrintedChapterSection,23_1_1833
9_1_1908,PrintedChapterSection,23_1_1834
9_1_1909,PrintedChapterSection,23_1_1835
9_1_1910,PrintedChapterSection,23_1_1836
9_1_1911,PrintedChapterSection,23_1_1837
9_1_1912,PrintedChapterSection,23_1_1838
9_1_1913,PrintedChapterSection,23_1_1839
9_1_1914,PrintedChapterSection,23_1_1840
9_1_1915,PrintedChapterSection,23_1_1841
9_1_1916,PrintedChapterSection,23_1_1842
9_1_1917,PrintedChapterSection,23_1_1843
9_1_1918,PrintedChapterSection,23_1_1844
9_1_1919,PrintedChapterSection,23_1_1845
9_1_1920,PrintedChapterSection,23_1_1846
9_1_1921,PrintedChapterSection,23_1_1847
9_1_1922,PrintedChapterSection,23_1_1848
9_1_1923,PrintedChapterSection,23_1_1849
9_1_1924,PrintedChapterSection,23_1_1850
9_1_1925,PrintedChapterSection,23_1_1851
9_1_1926,PrintedChapterSection,23_1_1852
9_1_1927,PrintedChapterSection,23_1_1853
9_1_1928,PrintedChapterSection,23_1_1854
9_1_1929,PrintedChapterSection,23_1_1855
9_1_1930,PrintedChapterSection,23_1_1856
9_1_1931,PrintedChapterSection,23_1_1857
9_1_1932,PrintedChapterSection,23_1_1858
9_1_1933,PrintedChapterSection,23_1_1859
9_1_1934,PrintedChapterSection,23_1_1860
9_1_1935,PrintedChapterSection,23_1_1861
9_1_1936,PrintedChapterSection,23_1_1862
9_1_1937,PrintedChapterSection,23_1_1863
9_1_1938,PrintedChapterSection,23_1_1864
9_1_1939,PrintedChapterSection,23_1_1865
9_1_1940,PrintedChapterSection,23_1_1866
9_1_1941,PrintedChapterSection,23_1_1867
9_1_1942,PrintedChapterSection,23_1_1868
9_1_1943,PrintedChapterSection,23_1_1869
9_1_1944,PrintedChapterSection,23_1_1870
9_1_1945,PrintedChapterSection,23_1_1871
9_1_1946,PrintedChapterSection,23_1_1872
9_1_1947,PrintedChapterSection,23_1_1873
9_1_1948,PrintedChapterSection,23_1_1874
9_1_1949,PrintedChapterSection,23_1_1875
9_1_1950,PrintedChapterSection,23_1_1876
9_1_1951,PrintedChapterSection,23_1_1877
9_1_1952,PrintedChapterSection,23_1_1878
9_1_1953,PrintedChapterSection,23_1_1879
9_1_1954,PrintedChapterSection,23_1_1880
9_1_1955,PrintedChapterSection,23_1_1881
9_1_1956,PrintedChapterSection,23_1_1882
9_1_1957,PrintedChapterSection,23_1_1883
9_1_1958,PrintedChapterSection,23_1_1884
9_1_1959,PrintedChapterSection,23_1_1885
9_1_1960,PrintedChapterSection,23_1_1886
9_1_1961,PrintedChapterSection,23_1_1887
9_1_1962,PrintedChapterSection,23_1_1888
9_1_1963,PrintedChapterSection,23_1_1889
9_1_1964,PrintedChapterSection,23_1_1890
9_1_1965,PrintedChapterSection,23_1_1891
9_1_1966,PrintedChapterSection,23_1_1892
9_1_1967,PrintedChapterSection,23_1_1893
9_1_1968,PrintedChapterSection,23_1_1894
9_1_1969,PrintedChapterSection,23_1_1895
9_1_1970,PrintedChapterSection,23_1_1896
9_1_1971,PrintedChapterSection,23_1_1897
9_1_1972,PrintedChapterSection,23_1_1898
9_1_1973,PrintedChapterSection,23_1_1899
9_1_1974,PrintedChapterSection,23_1_1900
9_1_1975,PrintedChapterSection,23_1_1901
9_1_1976,PrintedChapterSection,23_1_1902
9_1_1977,PrintedChapterSection,23_1_1903
9_1_1978,PrintedChapterSection,23_1_1904
9_1_1979,PrintedChapterSection,23_1_1905
9_1_1980,PrintedChapterSection,23_1_1906
9_1_1981,PrintedChapterSection,23_1_1907
9_1_1982,PrintedChapterSection,23_1_1908
9_1_1983,PrintedChapterSection,23_1_1909
9_1_1984,PrintedChapterSection,23_1_1910
9_1_1985,PrintedChapterSection,23_1_1911
9_1_1986,PrintedChapterSection,23_1_1912
9_1_1987,PrintedChapterSection,23_1_1913
9_1_1988,PrintedChapterSection,23_1_1914
9_1_1989,PrintedChapterSection,23_1_1915
9_1_1990,PrintedChapterSection,23_1_1916
9_1_1991,PrintedChapterSection,23_1_1917
9_1_1992,PrintedChapterSection,23_1_1918
9_1_1993,PrintedChapterSection,23_1_1919
9_1_1994,PrintedChapterSection,23_1_1920
9_1_1995,PrintedChapterSection,23_1_1921
9_1_1996,PrintedChapterSection,23_1_1922
9_1_1997,PrintedChapterSection,23_1_1923
9_1_1998,PrintedChapterSection,23_1_1924
9_1_1999,PrintedChapterSection,23_1_1925
9_1_2000,PrintedChapterSection,23_1_1926
9_1_2001,PrintedChapterSection,23_1_1927
9_1_2002,PrintedChapterSection,23_1_1928
9_1_2003,PrintedChapterSection,23_1_1929
9_1_2004,PrintedChapterSection,23_1_1930
9_1_2005,PrintedChapterSection,23_1_1931
9_1_2006,PrintedChapterSection,23_1_1932
9_1_2007,PrintedChapterSection,23_1_1933
9_1_2008,PrintedChapterSection,23_1_1934
9_1_2009,PrintedChapterSection,23_1_1935
9_1_2010,PrintedChapterSection,23_1_1936
9_1_2011,AgeState,23_1_2253
9_1_2012,ReproductiveProcess,23_1_1046
9_1_2013,Transmitting,23_1_2254
9_1_2014,ExaminingProcess,23_1_2267
9_1_2015,Displacement,23_1_2268
9_1_2016,BackPain,23_1_129
9_1_2017,DirectionOfTransport,23_1_2269
9_1_2018,Wall,23_1_2270
9_1_2019,ColitisLesion,23_1_2271
9_1_2020,Encephalitis,23_1_2271
9_1_2021,Endocarditis,23_1_2272
9_1_2022,EffectivenessState,23_1_2273
9_1_2023,InfectionLesion,23_1_2274
9_1_2024,BacterialInfectionLesion,23_1_668
9_1_2025,Laryngitis,23_1_2275
9_1_2026,LymphoidTonsillitis,23_1_2275
9_1_2027,Nephritis,23_1_2276
9_1_2028,Pharyngitis,23_1_2275
9_1_2029,RenalInfectionLesion,23_1_2277
9_1_2030,BacterialInfectionLesion,23_1_2278
9_1_2031,ReproductionInhibitingProcess,23_1_2281
9_1_2032,KillingProcess,23_1_2281
9_1_2033,Urine,23_1_2282
9_1_2034,ChangeProcess,23_1_2283
9_1_2035,InflammationLesion,23_1_2284
9_1_2036,HairLosingProcess,23_1_2285
9_1_2037,Device,23_1_934
9_1_2038,Incising,23_1_2287
9_1_2039,PhysicalPresentation,23_1_2288
9_1_2040,Effusion,23_1_2290
9_1_2041,Inserting,23_1_2292
9_1_2042,PhysicalPresentation,23_1_2293
9_1_2043,ChemicalSubstance,23_1_587
9_1_2044,BarbiturateChemical,23_1_273
9_1_2045,InflammationLesion,23_1_2295
9_1_2046,DegenerativeLesion,23_1_2297
9_1_2047,PathologicalPhenomenon,23_1_2298
9_1_2048,Fracture,23_1_2305
9_1_2049,BaseOfStructure,23_1_1510
9_1_2050,BaseOfStructure,23_1_2306
9_1_2051,BaseOfStructure,23_1_1517
9_1_2052,BaseOfStructure,23_1_1518
9_1_2053,BaseOfStructure,23_1_2323
9_1_2054,Immunoglobulin,23_1_2337
9_1_2055,SubstanceOrPhysicalStructure,23_1_2338
9_1_2056,Basophil,23_1_1066
9_1_2057,MyelogenousLeukaemia,23_1_2352
9_1_2058,Water,23_1_2353
9_1_2059,PhysicalPresentation,23_1_2354
9_1_2060,KeratinNailBed,23_1_2355
9_1_2061,KeratinNailBed,23_1_2356
9_1_2062,KeratinNailBed,23_1_2357
9_1_2063,KeratinNailBed,23_1_2358
9_1_2064,KeratinNailBed,23_1_2359
9_1_2065,KeratinNailBed,23_1_2360
9_1_2066,KeratinNailBed,23_1_2361
9_1_2067,KeratinNailBed,23_1_2362
9_1_2068,KeratinNailBed,23_1_2363
9_1_2069,KeratinNailBed,23_1_2364
9_1_2070,StingLesion,23_1_2365
9_1_2071,PathologicalPhenomenon,23_1_2366
9_1_2072,Behaviour,23_1_129
9_1_2073,Shape,23_1_2367
9_1_2074,Belly,23_1_2368
9_1_2075,Belly,23_1_2369
9_1_2076,Belly,23_1_2370
9_1_2077,PathologicalBodyStructure,23_1_2371
9_1_2078,Nodularity,23_1_2373
9_1_2079,BenignNeoplasticLesion,23_1_2374
9_1_2080,BenignNeoplasticLesion,23_1_2376
9_1_2081,Adenocyte,23_1_2377
9_1_2082,Malignancy,23_1_2378
9_1_2083,BenignNeoplasticLesion,23_1_1253
9_1_2084,NonNormalSwelling,23_1_2379
9_1_2085,NonNormalSwelling,23_1_2380
9_1_2086,BenignNeoplasticLesion,23_1_2381
9_1_2087,BenignNeoplasticLesion,23_1_2382
9_1_2088,BenignNeoplasticLesion,23_1_2383
9_1_2089,EpidermalCyst,23_1_2384
9_1_2090,PathologicalBodyStructure,23_1_2384
9_1_2091,BenignNeoplasticLesion,23_1_2386
9_1_2092,BenignNeoplasticLesion,23_1_2387
9_1_2093,ProstaticHypertrophy,23_1_2388
9_1_2094,BenignNeoplasticLesion,23_1_2389
9_1_2095,BenignNeoplasticLesion,23_1_2390
9_1_2096,BenignNeoplasticLesion,23_1_2391
9_1_2097,BenignNeoplasticLesion,23_1_2392
9_1_2098,ChemicalSubstance,23_1_533
9_1_2099,BenzodiazepeneChemical,23_1_273
9_1_2100,VitaminB1DeficiencyState,23_1_2395
9_1_2101,VascularDilatationLesion,23_1_2396
9_1_2102,ArterialBifurcation,23_1_1304
9_1_2103,Stimulating,23_1_2397
9_1_2104,Inhibiting,23_1_2397
9_1_2105,CatabolicProcess,23_1_2398
9_1_2106,presence,23_1_2399
9_1_2107,ChemicalSubstance,23_1_570
9_1_2108,ReflexMuscleContractionProcess,23_1_2412
9_1_2109,Shape,23_1_2424
9_1_2110,KeratinNail,23_1_2431
9_1_2111,ChemicalSubstance,23_1_2434
9_1_2112,Biguanide,23_1_273
9_1_2113,CoronoidHyperplasia,23_1_2435
9_1_2114,Headache,23_1_2435
9_1_2115,PathologicalExophthalmos,23_1_2435
9_1_2116,RenalArteryStenosis,23_1_2435
9_1_2117,BileAcid,23_1_273
9_1_2118,BodyCavity,23_1_2438
9_1_2119,Excretion,23_1_2439
9_1_2120,AgenesisLesion,23_1_2442
9_1_2121,Cirrhosis,23_1_2443
9_1_2122,ObstructingLesion,23_1_2444
9_1_2123,PathologicalPhenomenon,23_1_2448
9_1_2124,Binding,23_1_2451
9_1_2125,Device,23_1_2452
9_1_2126,ChemicalSubstance,23_1_2
9_1_2127,PathologicalPhenomenon,23_1_2453
9_1_2128,ChemicalSubstance,23_1_2454
9_1_2129,Concentration,23_1_2457
9_1_2130,GeneralisedProcess,23_1_2458
9_1_2131,Harvesting,23_1_2459
9_1_2132,GeneralisedProcess,23_1_2460
9_1_2133,GeneralisedProcess,23_1_2461
9_1_2134,Phenomenon,23_1_2462
9_1_2135,RemovingProcess,23_1_2463
9_1_2136,Biotin,23_1_273
9_1_2137,Membrane,23_1_2466
9_1_2138,Bismuth,23_1_273
9_1_2139,ChemicalSubstance,23_1_2467
9_1_2140,BismuthOxide,23_1_273
9_1_2141,BismuthSubcarbonate,23_1_273
9_1_2142,BismuthSubgallate,23_1_273
9_1_2143,BismuthSubnitrate,23_1_273
9_1_2144,ChemicalSubstance,23_1_514
9_1_2145,BisphosphonateChemical,23_1_273
9_1_2146,BilateralHeadache,23_1_2468
9_1_2147,Device,23_1_2469
9_1_2148,TasteFeature,23_1_2470
9_1_2149,LongFiliformLingualPapilla,23_1_2472
9_1_2150,MalignantCancer,23_1_2383
9_1_2151,Route,23_1_2473
9_1_2152,SmoothMuscleSpasm,23_1_1070
9_1_2153,Calculus,23_1_2474
9_1_2154,NeoplasticLesion,23_1_2383
9_1_2155,BodyStructure,23_1_2477
9_1_2156,CoagulationOfBlood,23_1_143
9_1_2157,HaemorrhageLesion,23_1_129
9_1_2158,InflammationLesion,23_1_2479
9_1_2159,StriatedMuscleSpasm,23_1_2480
9_1_2160,SkinBulla,23_1_129
9_1_2161,PhysicalPresentation,23_1_2481
9_1_2162,SurgicalExtent,23_1_2483
9_1_2163,Preventing,23_1_2484
9_1_2164,NasalPassage,23_1_2485
9_1_2165,BlockedNose,23_1_129
9_1_2166,ParanasalSinus,23_1_2485
9_1_2167,Albumin,23_1_506
9_1_2168,Ammonia,23_1_506
9_1_2169,CarbonDioxide,23_1_506
9_1_2170,InvestigationAct,23_1_2487
9_1_2171,Circulation,23_1_2489
9_1_2172,BodyStructure,23_1_2492
9_1_2173,Coagulation,23_1_2489
9_1_2174,Effectiveness,23_1_2495
9_1_2175,SubstanceOrPhysicalStructure,23_1_2496
9_1_2176,Culturing,23_1_1240
9_1_2177,Bacterium,23_1_2497
9_1_2178,BloodCell,23_1_143
9_1_2179,Filtering,23_1_2489
9_1_2180,Flow,23_1_2489
9_1_2181,ClinicalSpeciality,23_1_2498
9_1_2182,ModifierConcept,23_1_2499
9_1_2183,Oxygen,23_1_506
9_1_2184,InvestigationAct,23_1_2500
9_1_2185,Oxygen,23_1_1939
9_1_2186,Displacement,23_1_2501
9_1_2187,Blood,23_1_2505
9_1_2188,Sampling,23_1_2507
9_1_2189,Glucose,23_1_506
9_1_2190,InvestigationAct,23_1_2508
9_1_2191,InvestigationAct,23_1_2509
9_1_2192,Thyroliberin,23_1_506
9_1_2193,InvestigationAct,23_1_2511
9_1_2194,Thyrotropin,23_1_506
9_1_2195,InvestigationAct,23_1_2512
9_1_2196,InvestigationAct,23_1_2513
9_1_2197,Triiodothyronine,23_1_506
9_1_2198,InvestigationAct,23_1_2514
9_1_2199,Urea,23_1_506
9_1_2200,UreaNitrogen,23_1_506
9_1_2201,Concentration,23_1_2515
9_1_2202,Junction,23_1_2518
9_1_2203,BloodVessel,23_1_1619
9_1_2204,BloodVessel,23_1_1621
9_1_2205,BloodVessel,23_1_1623
9_1_2206,Volume,23_1_2520
9_1_2207,Feces,23_1_2521
9_1_2208,UrineColour,23_1_211
9_1_2209,Leaking,23_1_2528
9_1_2210,BodyRegion,23_1_615
9_1_2211,Mass,23_1_2529
9_1_2212,Movement,23_1_2530
9_1_2213,ExternalStimulusSensation,23_1_2533
9_1_2214,Corpus,23_1_2537
9_1_2215,Corpus,23_1_2538
9_1_2216,Corpus,23_1_2540
9_1_2217,Corpus,23_1_2541
9_1_2218,Corpus,23_1_2542
9_1_2219,Corpus,23_1_2543
9_1_2220,Corpus,23_1_1543
9_1_2221,Corpus,23_1_645
9_1_2222,Corpus,23_1_2550
9_1_2223,Corpus,23_1_1544
9_1_2224,Corpus,23_1_312
9_1_2225,Corpus,23_1_2552
9_1_2226,Corpus,23_1_2553
9_1_2227,Corpus,23_1_2554
9_1_2228,Corpus,23_1_2558
9_1_2229,Corpus,23_1_2559
9_1_2230,Corpus,23_1_1545
9_1_2231,Corpus,23_1_2560
9_1_2232,Corpus,23_1_2565
9_1_2233,Temperature,23_1_2566
9_1_2234,BodyProcess,23_1_129
9_1_2235,SelfImage,23_1_2567
9_1_2236,BodyStructure,23_1_2570
9_1_2237,BodyStructure,23_1_2571
9_1_2238,BodyStructure,23_1_2572
9_1_2239,BodyStructure,23_1_2573
9_1_2240,BodyStructure,23_1_2574
9_1_2241,BodyStructure,23_1_2575
9_1_2242,BodyStructure,23_1_2576
9_1_2243,BodyStructure,23_1_2577
9_1_2244,Substance,23_1_2578
9_1_2245,BodyStructure,23_1_2579
9_1_2246,ExaminingProcess,23_1_2580
9_1_2247,PathologicalPhenomenon,23_1_2580
9_1_2248,Phenomenon,23_1_2580
9_1_2249,BodyPartTemperature,23_1_649
9_1_2250,BodyStructure,23_1_2581
9_1_2251,DimensionIncreasingProcess,23_1_2582
9_1_2252,DimensionDecreasingProcess,23_1_2582
9_1_2253,InvestigationAct,23_1_2583
9_1_2254,MassValue,23_1_2584
9_1_2255,BodyMass,23_1_649
9_1_2256,Level,23_1_2585
9_1_2257,Level,23_1_481
9_1_2258,ChemicalDeposition,23_1_2587
9_1_2259,PathologicalPhenomenon,23_1_927
9_1_2260,BoneTissue,23_1_1599
9_1_2261,AplasticLesion,23_1_2589
9_1_2262,PathologicalPhenomenon,23_1_2590
9_1_2263,AbnormalGrowth,23_1_2591
9_1_2264,FibrosisLesion,23_1_2589
9_1_2265,BodyProcess,23_1_2592
9_1_2266,HyperplasticLesion,23_1_2589
9_1_2267,HypoplasticLesion,23_1_2589
9_1_2268,BodyStructure,23_1_2593
9_1_2269,BoneMarrowStructure,23_1_2595
9_1_2270,BoneMarrowStructure,23_1_2596
9_1_2271,BoneMarrowStructure,23_1_2597
9_1_2272,Mass,23_1_2599
9_1_2273,Bone,23_1_2600
9_1_2274,Bone,23_1_1621
9_1_2275,Bone,23_1_1623
9_1_2276,BodyStructure,23_1_2601
9_1_2277,Bone,23_1_1627
9_1_2278,Bone,23_1_2604
9_1_2279,Bone,23_1_2605
9_1_2280,Bone,23_1_1630
9_1_2281,Displacement,23_1_2606
9_1_2282,ChemicalResorption,23_1_2587
9_1_2283,ActualCavity,23_1_2607
9_1_2284,ExaminingProcess,23_1_2609
9_1_2285,Route,23_1_2610
9_1_2286,Softening,23_1_1215
9_1_2287,Diameter,23_1_2611
9_1_2288,BodyStructure,23_1_2612
9_1_2289,Fracture,23_1_927
9_1_2290,Lump,23_1_2617
9_1_2291,MetastasesLesion,23_1_2618
9_1_2292,PathologicalBodyStructure,23_1_2622
9_1_2293,Peristalsis,23_1_2623
9_1_2294,Borborygmi,23_1_223
9_1_2295,Borborygmi,23_1_129
9_1_2296,Edge,23_1_2624
9_1_2297,Edge,23_1_2550
9_1_2298,Edge,23_1_2625
9_1_2299,Edge,23_1_647
9_1_2300,Edge,23_1_312
9_1_2301,Edge,23_1_1294
9_1_2302,Shape,23_1_2626
9_1_2303,AgeState,23_1_2627
9_1_2304,PhenotypicalSex,23_1_2628
9_1_2305,Bradykinesia,23_1_129
9_1_2306,SurfaceRegion,23_1_2660
9_1_2307,AtrophicLesion,23_1_2661
9_1_2308,DamageLesion,23_1_2662
9_1_2309,ElectricalConduction,23_1_2663
9_1_2310,HaemorrhageLesion,23_1_2661
9_1_2311,IschaemicLesion,23_1_2661
9_1_2312,NeoplasticLesion,23_1_2662
9_1_2313,Bran,23_1_273
9_1_2314,Artery,23_1_2672
9_1_2315,Artery,23_1_2673
9_1_2316,Artery,23_1_2674
9_1_2317,Artery,23_1_2675
9_1_2318,Nerve,23_1_2676
9_1_2319,Nerve,23_1_2677
9_1_2320,Artery,23_1_2678
9_1_2321,Nerve,23_1_1338
9_1_2322,Nerve,23_1_2679
9_1_2323,Nerve,23_1_2680
9_1_2324,Nerve,23_1_2681
9_1_2325,Nerve,23_1_1348
9_1_2326,Artery,23_1_2682
9_1_2327,Nerve,23_1_2683
9_1_2328,Nerve,23_1_2684
9_1_2329,BloodVessel,23_1_2685
9_1_2330,Nerve,23_1_2686
9_1_2331,Artery,23_1_2687
9_1_2332,Artery,23_1_785
9_1_2333,Nerve,23_1_2688
9_1_2334,Nerve,23_1_2689
9_1_2335,Nerve,23_1_1440
9_1_2336,Nerve,23_1_2690
9_1_2337,PathologicalBodyStructure,23_1_2691
9_1_2338,BodyStructure,23_1_2692
9_1_2339,Inspecting,23_1_2693
9_1_2340,Milk,23_1_498
9_1_2341,Lobe,23_1_2697
9_1_2342,Lump,23_1_1739
9_1_2343,BreastLump,23_1_129
9_1_2344,AnatomicalSurfaceQuadrant,23_1_2698
9_1_2345,PathologicalPhenomenon,23_1_2381
9_1_2346,Volume,23_1_2700
9_1_2347,NonNormalSwelling,23_1_1739
9_1_2348,Displacement,23_1_2694
9_1_2349,Air,23_1_2702
9_1_2350,ExaminingProcess,23_1_2706
9_1_2351,Symptom,23_1_2710
9_1_2352,TemporalPattern,23_1_206
9_1_2353,IntrauterineBodyPosition,23_1_2712
9_1_2354,Completeness,23_1_2713
9_1_2355,PhysicallySupporting,23_1_2718
9_1_2356,ConceptExpressingProcess,23_1_2725
9_1_2357,Sweating,23_1_2726
9_1_2358,AgenesisLesion,23_1_2728
9_1_2359,Shape,23_1_2729
9_1_2360,BodyCavity,23_1_2733
9_1_2361,MucousMembrane,23_1_2734
9_1_2362,Oedema,23_1_2735
9_1_2363,PathologicalPhenomenon,23_1_2736
9_1_2364,GlandularEpithelium,23_1_2737
9_1_2365,Epithelium,23_1_2737
9_1_2366,Diameter,23_1_2738
9_1_2367,SmoothMuscle,23_1_2740
9_1_2368,InflammationLesion,23_1_2742
9_1_2369,InflammationLesion,23_1_2736
9_1_2370,Epithelium,23_1_2745
9_1_2371,PathologicalPhenomenon,23_1_2752
9_1_2372,TemporalPattern,23_1_2753
9_1_2373,Human,23_1_2759
9_1_2374,PathologicalBodyStructure,23_1_2760
9_1_2375,CellMorphology,23_1_2761
9_1_2376,InfectionLesion,23_1_2765
9_1_2377,Purpura,23_1_2766
9_1_2378,Bruise,23_1_129
9_1_2379,Displacement,23_1_2780
9_1_2380,Frenulum,23_1_2782
9_1_2381,GrooveOfTooth,23_1_2783
9_1_2382,KeratosisLesion,23_1_2784
9_1_2383,Lymphnode,23_1_2785
9_1_2384,SectionOfOralMucosa,23_1_2785
9_1_2385,PitOfTooth,23_1_2783
9_1_2386,Route,23_1_2788
9_1_2387,FacialSurfaceOfTooth,23_1_2789
9_1_2388,TreatmentTractability,23_1_2799
9_1_2389,PortalHypertension,23_1_289
9_1_2390,ThrombusLesion,23_1_2800
9_1_2391,PathologicalBodyStructure,23_1_2809
9_1_2392,SkinRash,23_1_2810
9_1_2393,SeptalConductionFibres,23_1_2811
9_1_2394,ViralInfectionLesion,23_1_2815
9_1_2395,MalignantLymphoidCellNeoplasticProcess,23_1_607
9_1_2396,PathologicalBodyStructure,23_1_2817
9_1_2397,Burn,23_1_129
9_1_2398,BurningPain,23_1_213
9_1_2399,BurningParaesthesia,23_1_2818
9_1_2400,BurningParaesthesia,23_1_2819
9_1_2401,Bursa,23_1_2820
9_1_2402,Bursa,23_1_1646
9_1_2403,Bursa,23_1_1627
9_1_2404,Bursa,23_1_1630
9_1_2405,InflammationLesion,23_1_2821
9_1_2406,LongBoneFractureType,23_1_2822
9_1_2407,LongBoneFractureType,23_1_2824
9_1_2408,Displacement,23_1_2826
9_1_2409,ChemicalSubstance,23_1_2393
9_1_2410,ButyrophenoneChemical,23_1_273
9_1_2411,Pressure,23_1_2842
9_1_2412,ImagingProcess,23_1_2843
9_1_2413,Generating,23_1_2845
9_1_2414,WeightLoss,23_1_1126
9_1_2415,PhysicalPresentation,23_1_2849
9_1_2416,Eminence,23_1_2853
9_1_2417,Calciferol,23_1_273
9_1_2418,ChemicalDeposition,23_1_2862
9_1_2419,Calcipotriol,23_1_273
9_1_2420,Thyrocalcitonin,23_1_273
9_1_2421,Thyrocalcitonin,23_1_2863
9_1_2422,Thyrocalcitonin,23_1_2864
9_1_2423,CalciumCarbonate,23_1_273
9_1_2424,ChemicalSubstance,23_1_249
9_1_2425,CalciumCompound,23_1_273
9_1_2426,Excretion,23_1_2862
9_1_2427,CalciumGlubionate,23_1_273
9_1_2428,CalciumLactate,23_1_273
9_1_2429,CalciumLactateGluconate,23_1_273
9_1_2430,CalciumPhosphate,23_1_273
9_1_2431,CrampOfLegMuscle,23_1_129
9_1_2432,StriatedMuscle,23_1_2867
9_1_2433,MuscularAtrophySymptom,23_1_2868
9_1_2434,Generating,23_1_2870
9_1_2435,CellMorphology,23_1_2873
9_1_2436,Shape,23_1_2874
9_1_2437,InfectionLesion,23_1_2875
9_1_2438,Burning,23_1_2876
9_1_2439,Commissure,23_1_2877
9_1_2440,Inserting,23_1_2878
9_1_2441,LiquidBlood,23_1_2879
9_1_2442,Diameter,23_1_2880
9_1_2443,BenignNeoplasticProcess,23_1_2881
9_1_2444,PhysicalPresentation,23_1_2885
9_1_2445,LensOpacity,23_1_2886
9_1_2446,PhysicalPresentation,23_1_2887
9_1_2447,Capsule,23_1_2889
9_1_2448,Capsule,23_1_2894
9_1_2449,Capsule,23_1_2898
9_1_2450,Capsule,23_1_1518
9_1_2451,SurgicalReshapingProcess,23_1_2910
9_1_2452,ChemicalSubstance,23_1_2911
9_1_2453,CarbapenemChemical,23_1_273
9_1_2454,CatabolicProcess,23_1_2912
9_1_2455,MetabolicProcess,23_1_2913
9_1_2456,AnabolicProcess,23_1_2912
9_1_2457,Carbomer,23_1_273
9_1_2458,Secretion,23_1_2918
9_1_2459,PathologicalBodyStructure,23_1_2919
9_1_2460,PathologicalBodyStructure,23_1_2920
9_1_2461,Breathlessness,23_1_2921
9_1_2462,Device,23_1_2925
9_1_2463,Depolarising,23_1_2926
9_1_2464,ProcessActivity,23_1_2927
9_1_2465,Diameter,23_1_2928
9_1_2466,PathologicalProcess,23_1_2929
9_1_2467,BodyProcess,23_1_2491
9_1_2468,HypertrophicLesion,23_1_636
9_1_2469,IneffectiveCardiacFunction,23_1_2932
9_1_2470,IneffectiveCardiacFunction,23_1_2933
9_1_2471,Phenomenon,23_1_2929
9_1_2472,PathologicalBodyStructure,23_1_2929
9_1_2473,Massaging,23_1_1720
9_1_2474,Muscle,23_1_2934
9_1_2475,Contracting,23_1_260
9_1_2476,Pain,23_1_2942
9_1_2477,Palpating,23_1_2929
9_1_2478,Palpability,23_1_2943
9_1_2479,PathologicalPhenomenon,23_1_2929
9_1_2480,CardiacDilatation,23_1_1601
9_1_2481,TemporalPattern,23_1_2944
9_1_2482,PlanarDefect,23_1_2945
9_1_2483,BodyStructure,23_1_2948
9_1_2484,SurgicalDeed,23_1_2949
9_1_2485,BodyFluid,23_1_2950
9_1_2486,SurgicalDeed,23_1_2952
9_1_2487,Incising,23_1_2952
9_1_2488,InflammationLesion,23_1_1093
9_1_2489,LowCardiacOutput,23_1_2942
9_1_2490,ClinicalSpeciality,23_1_2954
9_1_2491,Visceromegaly,23_1_2955
9_1_2492,Incising,23_1_2949
9_1_2493,PathologicalPhenomenon,23_1_2502
9_1_2494,PathologicalProcess,23_1_2502
9_1_2495,ExaminingProcess,23_1_2502
9_1_2496,Phenomenon,23_1_2502
9_1_2497,PathologicalBodyStructure,23_1_2502
9_1_2498,Sign,23_1_2502
9_1_2499,BodyStructure,23_1_2847